local_item_id,capsule_key,capsule_name,line,sub_category,intensity,intensity_max,cup_sizes,bean_type,origins,roast_level,aroma_profile,flavor_notes,body,bitterness,acidity,roasting,is_decaf,is_limited_edition,price_per_capsule_krw,created_at,updated_at
906,special_reserve_hawaii_kona,스페셜 리저브 하와이 코나,ORIGINAL,에스프레소,,,"[{""ml"": 40, ""type"": ""ESPRESSO""}]",,"[""하와이""]",MEDIUM,"{""primary"": [""열대과일"", ""곡물"", ""베리""]}","열대 과일과 이국적인 느낌, 견과류와 곡물 노트의 밸런스가 좋은 실키한 질감의 커피입니다. 하와이 코나 커피의 특별한 풍미를 온전히 즐길 수 있도록 블랙 커피로 즐겨보세요.",4,3,3,3,f,t,2100,2026-02-23 10:39:14.678999,2026-02-23 10:39:14.678999
907,caffe_florian,카페 플로리안 커피,ORIGINAL,에스프레소,9,12,"[{""ml"": 25, ""type"": ""RISTRETTO""}, {""ml"": 40, ""type"": ""ESPRESSO""}]",100% Arabica,"[""브라질"", ""온두라스""]",DARK,"{""primary"": [""스파이시"", ""우디"", ""견과류""]}","풀 바디감의 풍성한 다크 로스팅 커피로 우디, 견과류 그리고 브라운 스파이스 노트가 감돕니다. 쏙쌀한 쓴맛과 섬세한 산미로 마무리됩니다.",4,4,3,4,f,t,850,2026-02-23 10:39:14.714049,2026-02-23 10:39:14.714049
908,samra_origin_tanzania,삼라 오리진 탄자니아,ORIGINAL,에스프레소,5,12,"[{""ml"": 40, ""type"": ""ESPRESSO""}, {""ml"": 110, ""type"": ""LUNGO""}]",Arabica,"[""탄자니아""]",LIGHT,"{""primary"": [""곡물"", ""붉은 과일""]}","아프리카 태양의 강렬함이 느껴지는 붉은 과실과 담백한 곡물의 하모니를 느껴보세요. 워시드(Washed) 방식으로 정성스럽게 가공되어 산뜻한 산미와 풍부한 과일 노트, 그리고 담백한 곡물의 여운이 조화롭게 어우러집니다.",3,2,5,2,f,t,920,2026-02-23 10:39:14.717212,2026-02-23 10:39:14.717212
909,festive_almond_hibiscus,페스티브 아몬드 히비스커스향 커피,ORIGINAL,에스프레소,,,"[{""ml"": 40, ""type"": ""ESPRESSO""}, {""ml"": 110, ""type"": ""LUNGO""}]",,,LIGHT,"{""primary"": [""히비스커스"", ""아몬드""]}","부드러운 아몬드향에 살짝 감도는 히비스커스의 잔향이 마법같이 피어납니다. 카푸치노로 즐기면 아몬드, 바닐라, 카라멜의 풍성한 노트가 부드럽게 펼쳐집니다.",2,2,3,2,f,t,920,2026-02-23 10:39:14.721324,2026-02-23 10:39:14.721324
910,freddo_delicato,프레도 델리카토,ORIGINAL,에스프레소,,,"[{""ml"": 40, ""type"": ""ESPRESSO""}]",100% Arabica,"[""케냐"", ""인도네시아""]",LIGHT_MEDIUM,"{""primary"": [""과일""]}","라이트하고 균형 잡힌 베이스에 상쾌하고 밝은 과일향이 퍼지면서 갈증을 해소하는 산뜻함을 선사합니다. 얼음으로 가득 찬 컵 위에 에스프레소로 추출한 뒤, 시원한 물이나 우유를 더해 아이스 아메리카노 혹은 아이스 라테로 즐겨보세요.",,,,,f,f,790,2026-02-23 10:39:14.725418,2026-02-23 10:39:14.725418
911,freddo_intenso,프레도 인텐소,ORIGINAL,에스프레소,,,"[{""ml"": 40, ""type"": ""ESPRESSO""}]",100% Arabica,"[""페루"", ""인도네시아""]",MEDIUM_DARK,"{""primary"": [""로스팅"", ""곡물""]}","아라비카 블렌드의 고소한 곡물향과 우디향의 아름다운 균형을 이루며 다크 로스팅의 클래식한 쓴맛을 선사합니다. 얼음으로 가득 찬 컵 위에 에스프레소로 추출한 뒤, 시원한 물이나 우유를 더해 아이스 아메리카노 혹은 아이스 라테로 즐겨보세요.",,,,,f,f,790,2026-02-23 10:39:14.728036,2026-02-23 10:39:14.728036
912,volluto,볼루토,ORIGINAL,에스프레소,4,12,"[{""ml"": 40, ""type"": ""ESPRESSO""}]",100% Arabica,"[""브라질"", ""콜롬비아""]",LIGHT,"{""primary"": [""균형감"", ""과일"", ""곡물""]}",오븐에서 갓 구운 브리오슈의 향처럼 저항할 수 없는 향과 마음을 편하게 하는 커피입니다. 가볍게 로스팅된 남미산 순수 아라비카를 블렌딩하여 달콤한 비스킷 향과 함께 은은한 산미와 과일향이 어우러집니다.,3,2,4,3,f,f,720,2026-02-23 10:39:14.730304,2026-02-23 10:39:14.730304
913,colombia,콜롬비아,ORIGINAL,에스프레소,6,12,"[{""ml"": 40, ""type"": ""ESPRESSO""}, {""ml"": 110, ""type"": ""LUNGO""}]",100% Arabica,"[""콜롬비아""]",MEDIUM,"{""primary"": [""와인""]}",석류로 시작해 잘익은 포도까지 퍼지는 팡팡 터지는 과즙향이 인상적인 마치 와인을 마시는 기분까지. 고지대에서 재배된 콜롬비아산 아라비카를 늦수확 가공법으로 더 오래 무르익은 커피 체리의 향이 배어든 산뜻한 산미가 와인향과 잘 어우러지는 커피입니다.,,2,4,2,f,f,860,2026-02-23 10:39:14.73449,2026-02-23 10:39:14.73449
914,livanto,리반토,ORIGINAL,에스프레소,6,14,"[{""ml"": 40, ""type"": ""ESPRESSO""}]",Arabica,"[""브라질"", ""과테말라""]",MEDIUM,"{""primary"": [""캐러멜"", ""균형감""]}",오랜시간 미디엄 로스팅한 브라질원두의 고소한 곡물향과 과테말라산 원두의 달콤한 캐러멜향이 부드럽게 밸런스를 이루어 편안함을 주는 부드러운 커피입니다.,3,3,3,3,f,f,720,2026-02-23 10:39:14.740731,2026-02-23 10:39:14.740731
915,venezia,베네치아,ORIGINAL,에스프레소,8,12,"[{""ml"": 25, ""type"": ""RISTRETTO""}, {""ml"": 40, ""type"": ""ESPRESSO""}]",,"[""남미""]",MEDIUM_DARK,,미디엄 다크로스팅한 남미산 원두의 달콤한 캐러멜향에 부드러운 산미가 어우러져 입안 가득 섬세하고 고급스러운 균형감을 선사하는 커피입니다.,4,3,2,4,f,f,720,2026-02-23 10:39:14.745733,2026-02-23 10:39:14.745733
916,ristretto,리스트레토,ORIGINAL,리스트레토,10,14,"[{""ml"": 25, ""type"": ""RISTRETTO""}, {""ml"": 40, ""type"": ""ESPRESSO""}]",,"[""브라질"", ""콜롬비아""]",MEDIUM_DARK,"{""primary"": [""은은한 과일""]}",미디엄 다크로스팅한 브라질산 원두가 강한 로스팅향을 주고 짧게 로스팅한 콜롬비아 원두가 산미를 더해 대조적인 쓴맛과 산미의 조화가 인상적인 커피입니다.,4,3,4,4,f,f,720,2026-02-23 10:39:14.748336,2026-02-23 10:39:14.748336
917,arpeggio,아르페지오,ORIGINAL,에스프레소,9,12,"[{""ml"": 25, ""type"": ""RISTRETTO""}, {""ml"": 40, ""type"": ""ESPRESSO""}]",Arabica,"[""브라질"", ""과테말라""]",DARK,"{""primary"": [""강한 로스팅"", ""코코아""]}",진하면서 크리미한 질감으로 강렬한 로스팅향과 코코아향이 조화를 이룹니다. 정교한 그라인딩으로 벨벳처럼 부드러워 거부할 수 없는 크리미한 질감을 표현했습니다.,3,3,4,3,f,f,720,2026-02-23 10:39:14.753797,2026-02-23 10:39:14.753797
918,arpeggio_extra,아르페지오 엑스트라,ORIGINAL,에스프레소,9,12,"[{""ml"": 25, ""type"": ""RISTRETTO""}, {""ml"": 40, ""type"": ""ESPRESSO""}]",Arabica,"[""브라질"", ""과테말라""]",DARK,"{""primary"": [""강한 로스팅"", ""코코아""]}","진하면서 크리미한 질감으로 강렬한 로스팅향과 코코아향이 조화를 이룹니다. 정교한 그라인딩으로 벨벳처럼 부드러워 거부할 수 없는 크리미한 질감을 표현했습니다. 과테말라산 원두에 카페인 함량을 높여, 한 잔에 약 95mg의 카페인을 담았습니다.",4,3,4,3,f,f,750,2026-02-23 10:39:14.756221,2026-02-23 10:39:14.756221
919,arpeggio_decaffeinato,아르페지오 디카페나토,ORIGINAL,에스프레소,9,14,"[{""ml"": 25, ""type"": ""RISTRETTO""}, {""ml"": 40, ""type"": ""ESPRESSO""}]",Arabica,"[""브라질"", ""코스타리카""]",DARK,"{""primary"": [""코코아""]}",진하면서 크리미한 질감으로 강렬한 로스팅향과 코코아향이 조화를 이룹니다. 정교한 그라인딩으로 벨벳처럼 부드러워 거부할 수 없는 크리미한 질감을 표현했습니다.,4,3,4,3,t,f,750,2026-02-23 10:39:14.759483,2026-02-23 10:39:14.759483
920,ristretto_decaffeinato,리스트레토 디카페나토,ORIGINAL,리스트레토,10,12,"[{""ml"": 25, ""type"": ""RISTRETTO""}, {""ml"": 40, ""type"": ""ESPRESSO""}]",,"[""브라질"", ""콜롬비아""]",MEDIUM_DARK,"{""primary"": [""은은한 과일""]}",미디엄 다크로스팅한 브라질산 원두의 강한 로스팅향에 짧게 로스팅한 콜롬비아 원두가 산미를 더해 대조적인 쓴맛과 산미가 조화를 이뢬 디카페인 커피입니다.,4,3,4,4,t,f,750,2026-02-23 10:39:14.763363,2026-02-23 10:39:14.763363
921,napoli,나폴리,ORIGINAL,에스프레소,13,14,"[{""ml"": 25, ""type"": ""RISTRETTO""}, {""ml"": 40, ""type"": ""ESPRESSO""}]",,"[""인디아"", ""우간다""]",DARK,"{""primary"": [""강한 로스팅"", ""로스팅""]}","인디아와 우간다 원두를 오랜 시간 다크 로스팅하여 묵직한 바디감과 함께 기분 좋은 쓴맛의 코코아 향, 그리고 벨벳 같은 부드러운 질감이 특징입니다.",5,5,2,5,f,f,720,2026-02-23 10:39:14.765227,2026-02-23 10:39:14.765227
922,kazaar,카자르,ORIGINAL,리스트레토,12,12,"[{""ml"": 25, ""type"": ""RISTRETTO""}, {""ml"": 40, ""type"": ""ESPRESSO""}]",,"[""인디아"", ""니카라과""]",DARK,"{""primary"": [""우디""]}",진하고 농후한 바디감이 선사하는 와일드한 풍미와 스파이시 향을 느껴보세요. 인디아산 원두의 크리미한 질감과 무게감에 니카라과 커피의 균형잡힌 맛이 부드러움을 줍니다.,5,5,2,5,f,f,720,2026-02-23 10:39:14.768762,2026-02-23 10:39:14.768762
923,roma,로마,ORIGINAL,에스프레소,8,,"[{""ml"": 25, ""type"": ""RISTRETTO""}, {""ml"": 40, ""type"": ""ESPRESSO""}]",,"[""멕시코"", ""브라질""]",LIGHT,"{""primary"": [""곡물"", ""우디""]}","멕시코 원두를 짧게 라이트로스팅하여 섬세한 우디향과 부드러운 산미를 느낄 수 있으며, 브라질산 원두의 곡물향이 더해져 강렬하면서도 부드러운 우아한 조화를 보이는 커피입니다.",3,3,4,3,f,f,720,2026-02-23 10:39:14.770797,2026-02-23 10:39:14.770797
924,corto,코르토,ORIGINAL,에스프레소,,,"[{""ml"": 40, ""type"": ""ESPRESSO""}]",,"[""우간다"", ""에티오피아""]",DARK,"{""primary"": [""강한 로스팅"", ""스파이시""]}","우간다와 에티오피아의 원두를 오랜 시간 다크 로스팅하여 진한 풍미와 농후한 질감을 즐길 수 있는 커피입니다. 우유와 만나 여운을 남기는 풍부한 맛, 기분 좋은 쓴맛, 진한 질감의 바디감을 느끼게 합니다.",,,,,f,f,750,2026-02-23 10:39:14.77253,2026-02-23 10:39:14.77253
925,scuro,스쿠로,ORIGINAL,에스프레소,,,"[{""ml"": 40, ""type"": ""ESPRESSO""}]",Arabica,"[""콜롬비아"", ""에티오피아""]",,"{""primary"": [""균형감"", ""로스팅""]}",콜롬비아와 에티오피아산 아라비카를 개별로스팅하여 진하고 풍부한 로스팅향을 가진 커피입니다. 커피의 고유한 아로마가 우유와 오묘한 조화를 이루면서 커피의 진한 풍미를 즐기실 수 있습니다.,,,,,f,f,750,2026-02-23 10:39:14.775719,2026-02-23 10:39:14.775719
926,chiaro,키아로,ORIGINAL,에스프레소,,,"[{""ml"": 40, ""type"": ""ESPRESSO""}]",Arabica,"[""케냐"", ""인도네시아""]",LIGHT,"{""primary"": [""균형감"", ""비스킷""]}",케냐와 인도네시아산 아라비카를 라이트로스팅하여 커피 천연의 단맛이 잘 느껴지는 커피입니다. 우유를 첨가하면 크리미한 캐러멜향과 달콤한 비스킷향을 제대로 느낄 수 있습니다.,,,,,f,f,750,2026-02-23 10:39:14.777755,2026-02-23 10:39:14.777755
927,vanilla_flavored,바닐라향 커피,ORIGINAL,룽고,,,"[{""ml"": 110, ""type"": ""LUNGO""}]",Arabica,"[""브라질"", ""콜롬비아""]",,"{""primary"": [""바닐라""]}",브라질산과 콜롬비아산 아라비카 원두 블렌드에 커스터드 바닐라향을 더한 커피입니다. 달콤한 비스킷향과 곡물향에 클래식한 바닐라향이 만나 기쁘을 더합니다.,2,2,3,2,f,f,860,2026-02-23 10:39:14.781515,2026-02-23 10:39:14.781515
928,caramel_creme,캐러멜향 커피,ORIGINAL,룽고,,,"[{""ml"": 110, ""type"": ""LUNGO""}]",Arabica,"[""브라질"", ""콜롬비아""]",,"{""primary"": [""캐러멜""]}",남미 아라비카 커피에 캐러멜의 달콤함이 가미된 가향 블렌드입니다. 달콤한 비스킷향과 곡물향에 클래식 캐러멜향이 만나 기쁨을 더합니다. 합성 향료 함유.,2,2,3,2,f,f,860,2026-02-23 10:39:14.783452,2026-02-23 10:39:14.783452
929,chocolate_fudge,초콜릿향 커피,ORIGINAL,룽고,,,"[{""ml"": 110, ""type"": ""LUNGO""}]",Arabica,"[""브라질"", ""콜롬비아""]",,"{""primary"": [""초콜릿""]}",남미 아라비카 커피의 곡물향과 어우러진 다크 초콜릿향의 리치함으로 나를 채우는 풍성한 만족감을 느껴보세요. 달콤한 비스킷향과 곡물향에 우아한 다크 초콜릿향이 만나 기쁨을 더합니다. 천연향료(코코아향) 0.033% 함유.,2,2,3,2,f,f,860,2026-02-23 10:39:14.785432,2026-02-23 10:39:14.785432
930,hazelnut,헤이즐넛향 커피,ORIGINAL,룽고,,,"[{""ml"": 110, ""type"": ""LUNGO""}]",Arabica,"[""브라질"", ""콜롬비아""]",,"{""primary"": [""헤이즐넛""]}",남미 아라비카 커피에 캐러멜라이즈 견과류향이 부드럽게 감싸 거부할 수 없는 달콤한 휴식을 제공합니다. 달콤한 비스킷향과 곡물향에 로스티드 헤이즐넛향이 만나 기쁨을 더합니다. 합성 향료 함유.,2,2,3,2,f,f,860,2026-02-23 10:39:14.787181,2026-02-23 10:39:14.787181
931,vanilla_decaffeinato,바닐라향 디카페나토 커피,ORIGINAL,룽고,,,"[{""ml"": 110, ""type"": ""LUNGO""}]",Arabica,"[""남미""]",,"{""primary"": [""바닐라""]}",남미 아라비카 커피의 실키한 부드러움과 따뜻한 커스터드 바닐라향이 돋보이는 디카페인 커피입니다. 달콤한 비스킷향과 곡물향에 클래식한 바닐라향이 만나 기쁨을 더합니다. 천연향료(바닐라향) 0.012% 함유.,2,1,2,2,t,f,890,2026-02-23 10:39:14.789011,2026-02-23 10:39:14.789011
932,vienna_lungo_decaffeinato,비엔나 룽고 디카페나토,ORIGINAL,룽고,7,12,"[{""ml"": 110, ""type"": ""LUNGO""}]",,,,"{""primary"": [""맥아""]}","부드러운 바디감과 균형감이 뛰어난 감미로운 맥아 곡물향 디카페인 커피로 한 모금, 한 모금 우아하게 즐기며 비엔나 커피 하우스로 여행해 보세요.",2,2,2,3,t,f,780,2026-02-23 10:39:14.792337,2026-02-23 10:39:14.792337
933,volluto_decaffeinato,볼루토 디카페나토,ORIGINAL,에스프레소,4,12,"[{""ml"": 40, ""type"": ""ESPRESSO""}]",100% Arabica,"[""남미"", ""콜롬비아""]",,"{""primary"": [""균형감"", ""과일"", ""곡물""]}",가볍게 로스팅된 남미산 순수 아라비카를 블렌딩하여 달콤한 비스킷 향과 함께 은은한 산미와 과일향이 어우러지는 디카페인 커피입니다. 콜롬비아산 커피는 습식가공과 자연 건조 과정을 통해 신선한 붉은 과일의 향을 더합니다.,2,2,4,3,t,f,750,2026-02-23 10:39:14.79436,2026-02-23 10:39:14.79436
934,paris,파리,ORIGINAL,에스프레소,6,12,"[{""ml"": 40, ""type"": ""ESPRESSO""}]",,"[""베트남"", ""라틴 아메리카""]",LIGHT,"{""primary"": [""곡물"", ""비스킷"", ""시트러스""]}",라이트 로스팅한 베트남산 원두와 섬세한 라틴 아메리카 원두의 블렌드로 기분 좋은 쓴맛과 부드러운 곡물 향이 균형을 이루는 커피입니다. 부드러운 비스킷 향이 조화를 이룤 부드럽고 균형 잡힌 풍미로 고급감을 주는 파리지앙의 커피입니다.,3,3,3,3,f,f,750,2026-02-23 10:39:14.796104,2026-02-23 10:39:14.796104
935,istanbul,이스탄불,ORIGINAL,에스프레소,8,12,"[{""ml"": 40, ""type"": ""ESPRESSO""}]",,"[""에티오피아"", ""인도""]",,"{""primary"": [""로스팅"", ""과일""]}",벨벳처럼 부드럽고 풍성한 블렌드로 강도 높은 로스팅향과 과일향이 대조적인 조화를 이루며 달콤한 아몬드향의 여운이 남는 커피입니다.,3,3,2,4,f,f,750,2026-02-23 10:39:14.79794,2026-02-23 10:39:14.79794
936,tokyo_lungo,도쿄 룽고,ORIGINAL,룽고,6,14,"[{""ml"": 110, ""type"": ""LUNGO""}]",Arabica,"[""에티오피아"", ""멕시코""]",,"{""primary"": [""로스팅"", ""꽃""]}",에티오피아의 풍부하고 섬세한 꽃향이 돋보이며 멕시코 원두를 블렌드하여 적절한 강도와 바디감을 준 아라비카 커피입니다.,3,1,3,3,f,f,750,2026-02-23 10:39:14.802243,2026-02-23 10:39:14.802243
937,shanghai_lungo,상하이 룽고,ORIGINAL,룽고,5,12,"[{""ml"": 110, ""type"": ""LUNGO""}]",Arabica,"[""중국(윤난성)"", ""케냐""]",,"{""primary"": [""시트러스"", ""베리""]}","부드럽고 크리미한 바디감을 가진 중국 윤난성의 아라비카가 케냐 원두의 달콤한 베리향과 우아한 베르가못, 청량한 시트러스향과 어우러져 섬세한 풍미를 자랑합니다. 빠르고 가벼운 개별 로스팅을 통해 원두 개별 특징을 그대로 살렸습니다.",2,1,4,3,f,f,750,2026-02-23 10:39:14.804033,2026-02-23 10:39:14.804033
938,cape_town_lungo,케이프타운 룽고,ORIGINAL,룽고,10,,"[{""ml"": 110, ""type"": ""LUNGO""}]",,"[""멕시코"", ""인디아""]",,"{""primary"": [""로스팅"", ""우디""]}",미디엄로스팅한 멕시코 원두가 풍부한 바디감을 주고 다크로스팅한 인디아 원두가 진한 쓴맛과 향긋한 우디향을 선사하는 인텐스한 룽고 커피입니다.,4,4,1,4,f,f,750,2026-02-23 10:39:14.808255,2026-02-23 10:39:14.808255
939,stockholm_lungo,스톡홀름 룽고,ORIGINAL,룽고,8,12,"[{""ml"": 110, ""type"": ""LUNGO""}]",100% Arabica,"[""인디아"", ""콜롬비아""]",,"{""primary"": [""로스팅""]}","몬순 가공 인디아 원두의 맥아향의 깊은 풍미와 진한 바디, 습식 가공 콜롬비아 원두의 섬세한 향미가 조화로운 100% 순수 아라비카 커피입니다.",3,3,2,4,f,f,750,2026-02-23 10:39:14.814056,2026-02-23 10:39:14.814056
940,vienna_lungo,비엔나 룽고,ORIGINAL,룽고,6,14,"[{""ml"": 110, ""type"": ""LUNGO""}]",Arabica,"[""브라질"", ""콜롬비아""]",LIGHT_MEDIUM,"{""primary"": [""맥아""]}",균형감이 좋은 브라질 버번 원두와 습식 가공 콜롬비아 아라비카 원두를 미디엄라이트 로스팅하여 부드러운 맥아향을 선사합니다.,2,2,2,3,f,f,750,2026-02-23 10:39:14.818291,2026-02-23 10:39:14.818291
941,buenos_aires_lungo,부에노스 아이레스 룽고,ORIGINAL,룽고,4,12,"[{""ml"": 110, ""type"": ""LUNGO""}]",,"[""콜롬비아"", ""우간다""]",LIGHT,"{""primary"": [""캐러멜"", ""곡물""]}",습식 가공 콜롬비아 아라비카와 우간다 로부스타의 원두를 라이트로스팅하여 고소한 곡물향과 스윗한 팝콘향을 느낄 수 있습니다.,1,2,2,3,f,f,750,2026-02-23 10:39:14.821034,2026-02-23 10:39:14.821034
942,capriccio,카프리치오,ORIGINAL,에스프레소,5,14,"[{""ml"": 40, ""type"": ""ESPRESSO""}]",Arabica & Robusta,"[""남미""]",LIGHT,"{""primary"": [""균형감"", ""곡물""]}","라이트 로스팅한 고지대에서 자란 남미산 아라비카를 블렌딩하고 로부스타의 향을 더해 산뜻한 산미와 강렬함, 특유의 곡물향이 돋보이는 커피입니다.",2,2,4,2,f,f,720,2026-02-23 10:39:14.823635,2026-02-23 10:39:14.823635
943,cosi,코지,ORIGINAL,에스프레소,4,14,"[{""ml"": 40, ""type"": ""ESPRESSO""}]",100% Arabica,"[""케냐"", ""코스타리카""]",LIGHT,"{""primary"": [""과일"", ""곡물""]}",라이트 로스팅한 케냐 커피의 과일향과 코스타리카 커피의 마일드한 곡물의 향의 섬세한 맛의 조화를 이루는 순수 아라비카 커피입니다. 살짝 구운 곡물향에 섬세하고 균형잡힌 과일향을 선사합니다.,2,2,4,2,f,f,720,2026-02-23 10:39:14.828484,2026-02-23 10:39:14.828484
944,india,인디아,ORIGINAL,에스프레소,11,14,"[{""ml"": 40, ""type"": ""ESPRESSO""}, {""ml"": 110, ""type"": ""LUNGO""}]",Arabica & Robusta,"[""인디아""]",,"{""primary"": [""스파이시"", ""강한 로스팅""]}","인도의 특징적인 몬순 가공법을 통해 탄생한 인도산 아라비카와 로부스타 블랜드의 묵직한 바디감, 습한 해풍의 영향을 받은 스파이시 향의 와일드하고 강렬한 풍미를 선사합니다.",4,4,1,4,f,f,860,2026-02-23 10:39:14.830896,2026-02-23 10:39:14.830896
945,indonesia,인도네시아,ORIGINAL,에스프레소,8,14,"[{""ml"": 40, ""type"": ""ESPRESSO""}, {""ml"": 110, ""type"": ""LUNGO""}]",Arabica,"[""인도네시아(수마트라)""]",,"{""primary"": [""강한 로스팅"", ""우디"", ""곡물""]}",인도네시아 기후에 맞춘 습식 탈곡 가공법으로 탄생된 커피로 부드러운 질감과 풍성한 바디감에 진한 우디향과 타바코 잎의 향이 스며들어 마치 싱그러운 열대 우림에 초대받은 느낌을 선사합니다.,3,2,4,3,f,f,860,2026-02-23 10:39:14.834225,2026-02-23 10:39:14.834225
946,nicaragua,니카라과,ORIGINAL,에스프레소,5,,"[{""ml"": 40, ""type"": ""ESPRESSO""}, {""ml"": 110, ""type"": ""LUNGO""}]",Arabica,"[""니카라과""]",,"{""primary"": [""꿀"", ""곡물""]}",한 입 머금고 음미하면 느껴지는 달콤한 꿀향과 고소하고 부드러운 곡물향이 감미로운 아라비카 커피입니다. 각별한 노력이 필요한 보기 드문 블랙허니 가공법을 통해 독특한 달콤함이 완성됩니다.,2,2,3,2,f,f,860,2026-02-23 10:39:14.836799,2026-02-23 10:39:14.836799
947,ethiopia,에티오피아,ORIGINAL,에스프레소,4,14,"[{""ml"": 40, ""type"": ""ESPRESSO""}, {""ml"": 110, ""type"": ""LUNGO""}]",Arabica,"[""에티오피아""]",,"{""primary"": [""과일"", ""꽃""]}",에티오피아 아라비카의 건식가공을 통한 특징적인 향으로 잘익은 과일에서부터 오렌지 꽃향까지 놀랍도록 풍부하고 따뜻한 아로마를 만끽해 보세요.,3,2,4,2,f,f,860,2026-02-23 10:39:14.839214,2026-02-23 10:39:14.839214
948,ristretto_classico_vertuo,리스트레토 클라시코,VERTUO,리스트레토,9,12,"[{""ml"": 25, ""type"": ""RISTRETTO""}]",Arabica,"[""온두라스"", ""엘살바도르"", ""과테말라""]",DARK,"{""primary"": [""베리"", ""코코아"", ""강한 로스팅""]}",강하게 로스팅한 코코아향과 과일향의 우아한 밸런스가 돋보이는 강렬한 풍미. 짧은 시간 강하게 다크 로스팅하여 높은 커피 강도와 함께 은은한 과일향을 선사합니다.,3,4,3,3,f,f,770,2026-02-23 10:39:14.846389,2026-02-23 10:39:14.846389
949,fortado_decaffeinato_vertuo,포르타도 디카페나토,VERTUO,그랑 룽고,8,12,"[{""ml"": 150, ""type"": ""GRAN_LUNGO""}]",Arabica & Robusta,"[""인도"", ""라틴 아메리카""]",,"{""primary"": [""우디""]}",포르타도와 같이 강렬한 풍미가 매력적인 포르타도 디카페나토는 카페인을 제거한 인도산 로부스타와 라틴 아메리카 원두를 블렌드하여 포르타도의 진한 코코아와 오크 향을 그대로 전하는 진한 커피의 풍미를 선사하는 디카페인 커피입니다.,4,5,2,5,t,f,970,2026-02-23 10:39:14.848169,2026-02-23 10:39:14.848169
950,costa_rica_vertuo,코스타리카,VERTUO,그랑 룽고,7,14,"[{""ml"": 150, ""type"": ""GRAN_LUNGO""}]",Arabica,"[""코스타리카""]",,"{""primary"": [""맥아"", ""곡물""]}","코스타리카의 아라비카 원두를 화산 지대의 천연 온천수에 담가 습식 가공한 커피로 온천수의 미네랄 성분이 생두를 깨끗하게 씻어내어 깔끔하고 밸런스가 좋으며, 스윗한 맥아향의 고급스러운 풍미와 풍부한 바디감을 선사합니다.",4,4,2,4,f,f,1000,2026-02-23 10:39:14.850321,2026-02-23 10:39:14.850321
951,ethiopia_vertuo,에티오피아,VERTUO,그랑 룽고,4,14,"[{""ml"": 150, ""type"": ""GRAN_LUNGO""}]",Arabica,"[""에티오피아""]",,"{""primary"": [""꽃""]}",뜨거운 태양 아래서 커피 체리를 건식 가공하여 부드러운 머스크 향과 섬세하고 강렬한 꽃향을 띠며 묵직한 바디감과 과일잼의 새콤달콤한 풍미를 선사합니다.,3,1,3,2,f,f,1000,2026-02-23 10:39:14.852566,2026-02-23 10:39:14.852566
952,fortado_vertuo,포르타도,VERTUO,그랑 룽고,8,12,"[{""ml"": 150, ""type"": ""GRAN_LUNGO""}]",Arabica & Robusta,"[""인도"", ""라틴 아메리카""]",DARK,"{""primary"": [""코코아""]}",풍부한 바디감을 선사하는 인도산 로부스타와 긴 시간 다크 로스팅하여 진한 코코아향과 오크향을 선사하는 라틴 아메리카산 아라비카 블렌드로 더욱 진한 커피의 풍미를 선사하는 그랑 룽고 커피입니다.,4,5,2,5,f,f,930,2026-02-23 10:39:14.854281,2026-02-23 10:39:14.854281
953,arondio_vertuo,아론디오,VERTUO,그랑 룽고,6,14,"[{""ml"": 150, ""type"": ""GRAN_LUNGO""}]",Arabica & Robusta,"[""콜롬비아"", ""과테말라""]",DARK,"{""primary"": [""곡물""]}",은은한 산미와 부드러운 곡물향의 습식 가공한 콜롬비아산 아라비카 원두와 긴 시간 다크 로스팅하여 보다 강렬한 곡물향을 전하는 과테말라산 로부스타 원두 블렌드로 깊고 깔끔한 풍미에 균형잡힌 맛까지 선사하는 그랑 룽고 커피입니다.,3,3,3,3,f,f,930,2026-02-23 10:39:14.856075,2026-02-23 10:39:14.856075
954,inizio_vertuo,이니지오,VERTUO,그랑 룽고,4,12,"[{""ml"": 150, ""type"": ""GRAN_LUNGO""}]",Arabica,"[""케냐"", ""에티오피아""]",,"{""primary"": [""꽃""]}",케냐와 에티오피아산 아라비카 블렌드로 벨벳처럼 부드러운 바디감이 따뜻하고 진한 구운 곡물향을 선사합니다. 야생의 꽃향은 느긋한 일요일 오후의 정취를 더해 줍니다.,2,2,4,2,f,f,930,2026-02-23 10:39:14.859771,2026-02-23 10:39:14.859771
955,altissio_decaffeinato_vertuo,알티시오 디카페나토,VERTUO,에스프레소,9,14,"[{""ml"": 40, ""type"": ""ESPRESSO""}]",Arabica & Robusta,"[""인디아"", ""브라질"", ""코스타리카""]",DARK,"{""primary"": [""코코아""]}","카페인을 제거한 인디아, 브라질, 코스타리카 원두를 블렌드하여 풍부하고 진한 바디감에 부드럽고 고소한 곡물향을 선사하는 디카페인 에스프레소 커피입니다. 대부분의 아라비카 원두는 짧은 시간 다크 로스팅하여 풍부한 바디감의 볼드한 에스프레소 커피가 탄생했습니다.",4,3,2,4,t,f,800,2026-02-23 10:39:14.861696,2026-02-23 10:39:14.861696
956,diavolitto_vertuo,디아볼리토,VERTUO,에스프레소,11,12,"[{""ml"": 40, ""type"": ""ESPRESSO""}]",,"[""과테말라"", ""니카라과""]",,"{""primary"": [""강한 로스팅"", ""스파이시"", ""우디""]}","커피 마니아를 위한 강도 높은 에스프레소로, 과테말라와 니카라과의 원두 블렌드를 강하게 로스팅하여 진하고 강렬한 풍미와 크리미한 질감이 균형을 이루는 커피입니다.",5,4,2,5,f,f,770,2026-02-23 10:39:14.863287,2026-02-23 10:39:14.863287
957,il_caffe_vertuo,일카페,VERTUO,에스프레소,11,12,"[{""ml"": 40, ""type"": ""ESPRESSO""}]",,"[""베트남"", ""인도"", ""콜롬비아""]",DARK,"{""primary"": [""코코아"", ""강한 로스팅"", ""구운 곡물""]}",다크 로스팅한 베트남과 인도산 원두 블렌드가 진한 곡물향과 벨벳같이 부드러운 질감을 선사하고 다크 로스팅한 콜롬비아 원두의 고소함이 더해진 에스프레소 커피입니다.,4,4,1,5,f,f,770,2026-02-23 10:39:14.8654,2026-02-23 10:39:14.8654
958,altissio_vertuo,알티시오,VERTUO,에스프레소,9,12,"[{""ml"": 40, ""type"": ""ESPRESSO""}]",Arabica & Robusta,"[""브라질"", ""코스타리카""]",DARK,"{""primary"": [""강한 로스팅""]}",부드럽고 고소한 곡물향을 선사하는 코스타리카 아라비카와 브라질 아라비카에 소량의 로부스타 원두를 블렌드하여 풍부하고 진한 바디감을 더해 완성한 에스프레소 커피입니다. 대부분의 아라비카 원두는 짧은 시간 다크 로스팅하여 풍부한 바디감의 볼드한 에스프레소 커피가 탄생했습니다.,4,3,2,4,f,f,770,2026-02-23 10:39:14.867452,2026-02-23 10:39:14.867452
959,orafio_vertuo,오라피오,VERTUO,에스프레소,6,14,"[{""ml"": 40, ""type"": ""ESPRESSO""}]",Arabica & Robusta,"[""브라질"", ""코스타리카"", ""우간다""]",,"{""primary"": [""캐러멜""]}","브라질과 코스타리카의 아라비카 원두와 우간다산 로부스타를 블렌딩해 가벼운 바디감과 부드러운 풍미를 선사하며, 은은한 산미로 완성되는 고급스러운 커피입니다.",3,3,3,3,f,f,770,2026-02-23 10:39:14.869195,2026-02-23 10:39:14.869195
960,voltesso_vertuo,볼테소,VERTUO,에스프레소,4,14,"[{""ml"": 40, ""type"": ""ESPRESSO""}]",Arabica,"[""브라질"", ""콜롬비아""]",LIGHT,"{""primary"": [""마일드""]}",라이트 로스팅한 브라질과 콜롬비아의 아라비카 원두를 블렌드하여 특유의 달콤한 풍미를 선사하는 에스프레소 커피입니다. 달콤한 비스킷향과 감미로운 와인향에 부드럽게 균형잡힌 커피입니다.,2,2,4,2,f,f,770,2026-02-23 10:39:14.871638,2026-02-23 10:39:14.871638
961,bianco_piccolo_for_milk_vertuo,비앙코 피콜로 포 밀크,VERTUO,에스프레소,,,"[{""ml"": 40, ""type"": ""ESPRESSO""}]",Arabica,"[""콜롬비아"", ""브라질"", ""에티오피아""]",,"{""primary"": [""부드러움""]}","풍부한 로스팅향과 부드러운 풍미를 선사하는 커피로 우유와 완벽한 조화를 이룹니다. 콜롬비아, 브라질, 에티오피아 등 다양한 원산지의 아라비카 원두를 최적의 비율로 블렌딩한 후 우유의 크리미하고 달콤한 풍미와 잘 어울리도록 로스팅하여 커피의 풍부한 로스팅향이 돋보이는 커피입니다.",,2,1,3,f,f,770,2026-02-23 10:39:14.87336,2026-02-23 10:39:14.87336
962,double_espresso_chiaro_decaffeinato_vertuo,더블 에스프레소 키아로 디카페나토,VERTUO,더블 에스프레소,8,12,"[{""ml"": 80, ""type"": ""DOUBLE_ESPRESSO""}]",Arabica,"[""브라질"", ""콜롬비아""]",,"{""primary"": [""우디"", ""구운 곡물""]}","강렬하지만 균형잡힌 더블 에스프레소 커피로, 와일드한 풍미의 우디향과 구운 곡물향이 조화를 이루며 깔끔한 에프터 테이스트를 선사합니다.",4,3,2,3,t,f,970,2026-02-23 10:39:14.875494,2026-02-23 10:39:14.875494
963,active_vertuo,액티브,VERTUO,더블 에스프레소,,,"[{""ml"": 80, ""type"": ""DOUBLE_ESPRESSO""}]",Arabica,"[""에티오피아"", ""인도네시아""]",,"{""primary"": [""바닐라"", ""아몬드""]}",산뜻한 아몬드향과 바닐라향이 어우러진 액티브는 에티오피아와 인도네시아의 아라비카 원두를 블렌드하여 부드럽고 달콤한 비스킷향이 돋보이는 커피입니다. 비타민 B6를 함유한 아이스 추천 커피입니다.,,,,,f,f,1100,2026-02-23 10:39:14.877445,2026-02-23 10:39:14.877445
964,ginseng_delight_vertuo,진생 딜라이트,VERTUO,더블 에스프레소,,,"[{""ml"": 80, ""type"": ""DOUBLE_ESPRESSO""}]",Arabica & Robusta,"[""브라질"", ""멕시코"", ""우간다""]",,"{""primary"": [""캐러멜""]}",브라질산 아라비카 원두에 습식 가공한 멕시코 아라비카 원두와 우간다 로부스타를 블렌드한 커피에 달콤한 캐러멜향과 인삼 추출물이 함유되어 있습니다. 은은한 인삼향에 캐러멜과 고소한 비스킷 케이크의 향이 어우러진 부드럽고 부담 없는 커피입니다.,3,2,3,3,f,f,1100,2026-02-23 10:39:14.879137,2026-02-23 10:39:14.879137
965,double_espresso_dolce_vertuo,더블 에스프레소 돌체,VERTUO,더블 에스프레소,5,12,"[{""ml"": 80, ""type"": ""DOUBLE_ESPRESSO""}]",Arabica & Robusta,"[""브라질"", ""멕시코"", ""우간다""]",SPLIT_LIGHT_DARK,"{""primary"": [""곡물"", ""캐러멜"", ""맥아""]}","브라질과 멕시코 원두의 맥아향과 우간다 원두의 고소한 곡물향을 블렌드하여 달콤함과 부드러움을 전하는 균형 잡힌 커피입니다. 남미 아라비카 원두는 라이트 로스팅으로 달콤함을 살리고, 아라비카와 로부스타 원두 블렌드는 다크 로스팅을 진행해 균형감을 더해 줍니다.",3,2,3,3,f,f,930,2026-02-23 10:39:14.884057,2026-02-23 10:39:14.884057
966,double_espresso_chiaro,더블 에스프레소 키아로,VERTUO,더블 에스프레소,8,12,"[{""ml"": 80, ""type"": ""DOUBLE_ESPRESSO""}]",아라비카,"[""브라질"", ""콜롬비아""]",MEDIUM,"{""primary"": [""우디"", ""구운 곡물""]}",브라질과 콜롬비아의 아라비카 원두를 짧은 시간 강하게 블렌드 하여 우디 향과 로스팅 향이 조화롭게 어우러진 커피입니다. 근사한 식사를 완성하는 가장 마지막 코스로 더블 에스프레소 키아로를 즐겨보세요. 더블 에스프레소 키아로의 우디 향이 우유와 만나면 캐러멜 향으로 발전해 달콤하고 크리미한 라테로 즐기기에 좋습니다.,4,3,2,3,f,f,930,2026-02-23 10:39:14.885908,2026-02-23 10:39:14.885908
967,double_espresso_dolce,더블 에스프레소 돌체,VERTUO,더블 에스프레소,5,12,"[{""ml"": 80, ""type"": ""DOUBLE_ESPRESSO""}]","아라비카, 로부스타","[""브라질"", ""멕시코"", ""우간다""]",SPLIT_LIGHT_DARK,"{""primary"": [""곡물"", ""캐러멜"", ""맥아""]}","브라질과 멕시코 원두의 맥아향과 우간다 원두의 고소한 곡물향을 블렌드 하여 달콤함과 부드러움을 전하는 균형 잡힌 커피입니다. 남미 아라비카 원두는 라이트 로스팅으로 진행되어 달콤함을 살리고, 아라비카와 로부스타 원두 블렌드는 조금 더 길게 다크 로스팅을 진행해, 균형감을 더해 줍니다.",3,2,3,3,f,f,930,2026-02-23 10:39:14.887572,2026-02-23 10:39:14.887572
968,double_espresso_scuro,더블 에스프레소 스쿠로,VERTUO,더블 에스프레소,11,14,"[{""ml"": 80, ""type"": ""DOUBLE_ESPRESSO""}]",Arabica & Robusta,"[""코스타리카"", ""과테말라""]",DARK,"{""primary"": [""코코아""]}",강하게 다크 로스팅 한 코스타리카산 아라비카와 과테말라산 로부스타를 블렌드하여 진한 다크 코코아와 섬세한 바닐라 향과 함께 스모키 한 풍미가 돋보이는 커피입니다.,4,4,1,4,f,f,930,2026-02-23 10:39:14.891007,2026-02-23 10:39:14.891007
969,bianco_doppio_for_milk,비앙코 도피오 포 밀크,VERTUO,더블 에스프레소,,,"[{""ml"": 80, ""type"": ""DOUBLE_ESPRESSO""}]",아라비카,"[""케냐"", ""콜롬비아"", ""니카라과""]",LIGHT,"{""primary"": [""캐러멜""]}","케냐, 콜롬비아, 니카라과산 아라비카 원두를 라이트 로스팅하여 각 원두의 다양한 아로마 특징을 살리고, 개별 로스팅을 통해 달콤한 캐러멜향과 부드러운 질감을 더했습니다. 우유와 함께 즐길 때 부드럽고 크리미한 질감이 더욱 돋보입니다.",,,,,f,f,930,2026-02-23 10:39:14.893555,2026-02-23 10:39:14.893555
970,ice_leggero,아이스 레제로,VERTUO,더블 에스프레소,,,"[{""ml"": 80, ""type"": ""DOUBLE_ESPRESSO""}]",100% Arabica,"[""에티오피아"", ""인도네시아""]",SPLIT_LIGHT_DARK,"{""primary"": [""과일""]}",라이트 로스팅한 에티오피아산 아라비카의 섬세한 청량감과 미디엄 로스팅한 인도네시아산 아라비카의 균형 잡힌 맛이 조화를 이루며 산뜻하고 마일드한 아이스 커피입니다.,,,,,f,f,930,2026-02-23 10:39:14.895657,2026-02-23 10:39:14.895657
971,melozio_go,멜로지오 고,VERTUO,머그,6,12,"[{""ml"": 230, ""type"": ""MUG""}]",Arabica,"[""라틴 아메리카""]",,"{""primary"": [""비스킷"", ""구운 곡물""]}","부드러운 바디감과 꿨 같은 달콤함이 어우러진 라틴 아메리카산 아라비카 블렌드. 카페인을 더해 익숙한 멜로지오의 맛은 그대로, 한층 더 활력을 담았습니다.",3,2,1,3,f,f,1200,2026-02-23 10:39:14.899331,2026-02-23 10:39:14.899331
972,white_chocolate_strawberry,화이트 초콜릿 & 스트로베리향 커피,VERTUO,머그,,,"[{""ml"": 230, ""type"": ""MUG""}]",아라비카,"[""브라질"", ""콜롬비아"", ""아프리카""]",MEDIUM_DARK,"{""primary"": [""화이트 초콜릿"", ""딸기""]}","100% 아라비카 원두 블렌드가 만들어내는 벨벳처럼 부드러운 질감과 과즙 가득한 풍미. 브라질·콜롬비아 원두는 짧게 미디엄 다크 로스팅해 달콤함을 살리고, 아프리카산 아라비카는 더 길게 로스팅해 부드러운 질감을 완성했습니다. 로스팅 후 향을 더한 가향 커피입니다.",,,,,f,t,1200,2026-02-23 10:39:14.901163,2026-02-23 10:39:14.901163
973,melozio_decaffeinato,멜로지오 디카페나토,VERTUO,머그,6,12,"[{""ml"": 230, ""type"": ""MUG""}]",100% Arabica,"[""브라질"", ""중앙 아메리카""]",,"{""primary"": [""비스킷"", ""구운 곡물""]}",멜로지오와 같이 달콤함과 특유의 고소한 곡물향의 멜로지오 디카페나토는 카페인을 제거한 브라질산 아라비카 버번종과 라이트 로스팅한 중앙 아메리카산 아라비카 블렌드로 부드러운 곡물향과 달콤한 꿨맛이 어우러진 디카페인 커피입니다.,3,2,3,3,t,f,1050,2026-02-23 10:39:14.903113,2026-02-23 10:39:14.903113
974,melozio,멜로지오,VERTUO,머그,6,14,"[{""ml"": 230, ""type"": ""MUG""}]",아라비카,"[""브라질"", ""중앙 아메리카""]",LIGHT,"{""primary"": [""마일드"", ""비스킷"", ""구운 곡물""]}",달콤함과 특유의 고소한 곡물향으로 널리 사랑받는 브라질산 아라비카 버번종과 라이트 로스팅한 중앙 아메리카산 아라비카 블렌드로 부드러운 곡물향과 달콤한 꽀맛이 어우러져 한모금 만으로 누구나 반할만 한 커피입니다.,3,2,3,3,f,f,1000,2026-02-23 10:39:14.90576,2026-02-23 10:39:14.90576
975,vivida,비비다,VERTUO,머그,6,12,"[{""ml"": 230, ""type"": ""MUG""}]",Arabica,"[""브라질""]",,"{""primary"": [""곡물"", ""비스킷""]}",브라질산 아라비카의 고급스럽고 달콤한 곡물향에 부드러운 질감으로 완성된 커피에 비타민 B12를 더한 블렌드입니다.,3,2,3,3,f,f,1200,2026-02-23 10:39:14.907658,2026-02-23 10:39:14.907658
976,sweet_vanilla_decaffeinato,스위트 바닐라향 디카페나토,VERTUO,머그,,,"[{""ml"": 230, ""type"": ""MUG""}]",아라비카,"[""라틴 아메리카""]",MEDIUM,"{""primary"": [""바닐라"", ""비스킷""]}",미디엄 로스팅한 라틴 아메리카산 아라비카 원두에 천연 바닐라향을 더해 완성한 디카페인 커피로 풍부한 바닐라향을 선사합니다. 은은한 캐러멜향과 바닐라 케이크 풍미로 바쁜 일상을 잠시 멈추고 나만의 여유를 느껴보세요.,2,2,2,2,t,f,1150,2026-02-23 10:39:14.910635,2026-02-23 10:39:14.910635
977,el_salvador,엘살바도르,VERTUO,머그,5,12,"[{""ml"": 230, ""type"": ""MUG""}]",100% Arabica,"[""엘살바도르""]",LIGHT,"{""primary"": [""비스킷"", ""잘 익은 과일""]}",엘살바도르 화산토의 나무 그늘 아래에서 자란 아라비카를 레드 허니 가공하여 달콤한 과일쟼향과 비스킷향이 어우러진 부드러운 싱글 오리진 커피입니다.,2,1,4,2,f,f,1100,2026-02-23 10:39:14.912573,2026-02-23 10:39:14.912573
978,mexico,멕시코,VERTUO,머그,7,14,"[{""ml"": 230, ""type"": ""MUG""}]","아라비카, 로부스타","[""멕시코""]",MEDIUM,"{""primary"": [""스파이시"", ""우디""]}","멕시코 아라비카 원두에 이중 습식 가공한 로부스타를 블렌드하여 강렴하고 와일드한 풍미를 선사하며 섬세한 우디향과 스파이시향을 담은 커피입니다. 아라비카에만 적용했던 이중 습식 가공법을 로부스타에도 적용해 깊은 바디감과 강렴하고 뚜렷한 로스팅향, 와일드한 풍미를 완성했습니다.",3,3,2,3,f,f,1100,2026-02-23 10:39:14.914157,2026-02-23 10:39:14.914157
979,ice_forte,아이스 포르테,VERTUO,머그,,,"[{""ml"": 230, ""type"": ""MUG""}]",아라비카,"[""콜롬비아"", ""인도네시아"", ""에티오피아""]",MEDIUM_DARK,"{""primary"": [""로스팅"", ""우디"", ""곡물""]}","남미산 아라비카 원두가 인도네시아 및 에티오피아산 아라비카를 만나 강렴한 미디엄-다크 로스팅 블렌드의 아이스 커피입니다. 에티오피아산 아라비카는 꽃향을 극대화하기 위해 라이트 로스팅으로, 나머지 배치는 균형감을 위해 미디엄 로스팅으로 진행했습니다.",,,,,f,f,1000,2026-02-23 10:39:14.915754,2026-02-23 10:39:14.915754
980,intenso,인텐소,VERTUO,머그,9,14,"[{""ml"": 230, ""type"": ""MUG""}]",Arabica & Robusta,"[""라틴 아메리카"", ""니카라과""]",DARK,"{""primary"": [""캐러멜"", ""강한 로스팅""]}",다크 로스팅하여 캐러멜라이즈된 달콤한 풍미의 라틴 아메리카 원두와 진하고 쑩싸름한 니카라과산 로부스타 원두를 블렌딩하여 깊고 진한 풍미와 캐러멜향과 로스팅향의 긴 여운을 선사하는 커피입니다.,5,4,2,4,f,f,1000,2026-02-23 10:39:14.917322,2026-02-23 10:39:14.917322
981,stormio,스토미오,VERTUO,머그,8,12,"[{""ml"": 230, ""type"": ""MUG""}]",아라비카,"[""니카라과"", ""과테말라""]",DARK,"{""primary"": [""강한 로스팅""]}",니카라과와 과테말라산 아라비카 원두를 오랜 시간 천천히 다크 로스팅하여 폭풍 같이 강렴한 풍미에 곡물향과 더불어 스파이시향과 우디향을 더해 보다 다채로운 아로마를 선사하는 커피입니다.,4,4,1,4,f,f,1000,2026-02-23 10:39:14.919204,2026-02-23 10:39:14.919204
982,odacio,오다치오,VERTUO,머그,7,12,"[{""ml"": 230, ""type"": ""MUG""}]",100% Arabica,"[""니카라과"", ""에티오피아""]",LIGHT,"{""primary"": [""강한 로스팅"", ""구운 곡물""]}",풍성한 바디감과 섬세한 산미로 생동감 넘치는 커피로 니카라과산 아라비카와 에티오피아산 원두를 라이트 로스팅하여 로스팅향과 곡물향의 조화에 은은한 과일향의 섬세한 산미까지 다채로운 맛을 선사하는 커피입니다.,4,2,3,2,f,f,1000,2026-02-23 10:39:14.921621,2026-02-23 10:39:14.921621
983,solelio,솔레리오,VERTUO,머그,2,14,"[{""ml"": 230, ""type"": ""MUG""}]",아라비카,"[""케냐"", ""콜롬비아""]",LIGHT,"{""primary"": [""시트러스""]}",라이트 로스팅한 케냐와 콜롬비아산 아라비카 블렌드로 싱그러운 과일향과 과즙의 산미가 돋보여 보다 부드럽게 보다 편안하게 하루의 시작을 함께하기 좋은 커피입니다.,1,1,3,1,f,f,1000,2026-02-23 10:39:14.923977,2026-02-23 10:39:14.923977
984,half_caffeinato,하프 카페나토,VERTUO,머그,5,12,"[{""ml"": 230, ""type"": ""MUG""}]",100% Arabica,"[""브라질"", ""에티오피아""]",,"{""primary"": [""마일드""]}",브라질산 아라비카와 에티오피아산 아라비카를 블렌드해 부드러운 질감에 달콤하고 섬세한 비스킷 향을 즐길 수 있는 커피. 일반 원두와 디카페인 원두를 각각 절반씩 블렌드하여 카페인 함량을 줄인 하프 디카페인 블렌드입니다.,2,,,,f,f,1000,2026-02-23 10:39:14.928154,2026-02-23 10:39:14.928154
985,bianco_forte_for_milk,비앙코 포르테 포 밀크,VERTUO,머그,,,"[{""ml"": 230, ""type"": ""MUG""}]",아라비카,"[""콜롬비아"", ""케냐""]",DARK,"{""primary"": [""균형감"", ""강한 로스팅""]}","엄선한 콜롬비아와 케냐산 아라비카를 다크 로스팅하여 커피의 풍부한 로스팅향과 곡물향이 돋보이는 커피로, 우유를 더했을 때 커피의 진한 향과 우유의 달콤함이 다이나믹한 균형을 이룹니다.",,,,,f,f,1000,2026-02-23 10:39:14.929913,2026-02-23 10:39:14.929913
986,sweet_vanilla,스위트 바닐라향 커피,VERTUO,머그,,,"[{""ml"": 230, ""type"": ""MUG""}]",Arabica,"[""남미"", ""아프리카""]",LIGHT,"{""primary"": [""바닐라""]}",라이트 로스팅 아라비카 블렌드에 부드러운 바닐라향이 감싸 달콤한 비스킷향과 곡물향의 섬세한 아라비카 베이스에 클래식한 바닐라향이 만나 기쁨을 더하는 가향 커피입니다.,2,1,1,2,f,f,1100,2026-02-23 10:39:14.931672,2026-02-23 10:39:14.931672
987,golden_caramel,골든 캐러멜향 커피,VERTUO,머그,,,"[{""ml"": 230, ""type"": ""MUG""}]",아라비카,"[""남미"", ""아프리카""]",LIGHT,"{""primary"": [""캐러멜""]}",라이트 로스팅 아라비카 블렌드에 달콤한 캐러멜향이 감싸 나를 위한 작지만 호화로운 사치를 선물합니다. 달콤한 비스킷향과 곡물향의 섬세한 아라비카 베이스에 클래식한 캐러멜향이 만나 기쁨을 더합니다. 가향 커피입니다.,3,1,1,2,f,f,1100,2026-02-23 10:39:14.933657,2026-02-23 10:39:14.933657
988,roasted_hazelnut,로스티드 헤이즐넛향 커피,VERTUO,머그,,,"[{""ml"": 230, ""type"": ""MUG""}]",Arabica,"[""남미"", ""아프리카""]",LIGHT,"{""primary"": [""헤이즐넛""]}",라이트 로스팅 아라비카 블렌드에 캐러멜라이즈 견과류향이 감싸 달콤한 비스킷향과 곡물향의 섬세한 아라비카 베이스에 로스티드 헤이즐넛향이 만나 기쁨을 더하는 가향 커피입니다.,2,1,1,2,f,f,1100,2026-02-23 10:39:14.936083,2026-02-23 10:39:14.936083
989,rich_chocolate,리치 초콜릿향 커피,VERTUO,머그,,,"[{""ml"": 230, ""type"": ""MUG""}]",아라비카,"[""남미"", ""아프리카""]",LIGHT,"{""primary"": [""초콜릿""]}",라이트 로스팅 아라비카 블렌드에 다크 초콜릿향의 리치함이 감싸 나를 채우는 풍성한 만족감을 선물합니다. 달콤한 비스킷향과 곡물향의 섬세한 아라비카 베이스에 우아한 다크 초콜릿향이 만나 기쁨을 더합니다. 가향 커피입니다.,2,1,1,2,f,f,1100,2026-02-23 10:39:14.938045,2026-02-23 10:39:14.938045
