local_item_id,category_id,item_key,brand,image_url,external_link,external_service,is_active,created_at,updated_at
1,1,movie_tmdb_1236153,,https://image.tmdb.org/t/p/w500/fQ8Q3VAybCt6fHFJQD0kwd5azNL.jpg,https://www.themoviedb.org/movie/1236153,TMDB,t,2026-02-20 07:53:54.524026,2026-02-23 07:02:28.920377
2,1,movie_tmdb_434853,,https://image.tmdb.org/t/p/w500/uje1ecKMnNpZp0at5TxlvVgVXqI.jpg,https://www.themoviedb.org/movie/434853,TMDB,t,2026-02-20 07:53:54.618482,2026-02-23 07:02:29.070855
3,1,movie_tmdb_840464,,https://image.tmdb.org/t/p/w500/z2tqCJLsw6uEJ8nJV8BsQXGa3dr.jpg,https://www.themoviedb.org/movie/840464,TMDB,t,2026-02-20 07:53:54.621989,2026-02-23 07:02:29.08131
4,1,movie_tmdb_1272837,,https://image.tmdb.org/t/p/w500/ubgOSHAEhv1ds8BNHodhCcI13oH.jpg,https://www.themoviedb.org/movie/1272837,TMDB,t,2026-02-20 07:53:54.625336,2026-02-23 07:02:29.059942
5,1,movie_tmdb_1253000,,https://image.tmdb.org/t/p/w500/nEI3DnzQC1afAjJOAizx6UX27pL.jpg,https://www.themoviedb.org/movie/1253000,TMDB,t,2026-02-20 07:53:54.628745,2026-02-23 07:02:29.077249
6,1,movie_tmdb_1168190,,https://image.tmdb.org/t/p/w500/bG8BPNRoOvTC9wIos7DIH1YWOqN.jpg,https://www.themoviedb.org/movie/1168190,TMDB,t,2026-02-20 07:53:54.630727,2026-02-23 07:02:29.118104
7,1,movie_tmdb_1084242,,https://image.tmdb.org/t/p/w500/ib6v6qUXzez1x2qIOLN7C0yJNPQ.jpg,https://www.themoviedb.org/movie/1084242,TMDB,t,2026-02-20 07:53:54.633729,2026-02-23 07:02:29.101634
8,1,movie_tmdb_1316092,,https://image.tmdb.org/t/p/w500/oDXVQRHTomnm9N569Pu2d38IubP.jpg,https://www.themoviedb.org/movie/1316092,TMDB,t,2026-02-20 07:53:54.636179,2026-02-23 07:02:29.130866
9,1,movie_tmdb_1419406,,https://image.tmdb.org/t/p/w500/uiIT7CsJ4V7rMnTqy7xYvj9IRhs.jpg,https://www.themoviedb.org/movie/1419406,TMDB,t,2026-02-20 07:53:54.639143,2026-02-23 07:02:29.0857
10,1,movie_tmdb_1317672,,https://image.tmdb.org/t/p/w500/o6SeivdAJ4ri8EbgJlIiffVN9Q.jpg,https://www.themoviedb.org/movie/1317672,TMDB,t,2026-02-20 07:53:54.641899,2026-02-23 07:02:29.171134
11,1,movie_tmdb_1426964,,https://image.tmdb.org/t/p/w500/y9HaUSRRvpg1y6cxGsno6ohoAOV.jpg,https://www.themoviedb.org/movie/1426964,TMDB,t,2026-02-20 07:53:54.645531,2026-02-23 07:02:29.19853
12,1,movie_tmdb_1368166,,https://image.tmdb.org/t/p/w500/fUDX16A4fJXmAuUA5t0pnqzXS0b.jpg,https://www.themoviedb.org/movie/1368166,TMDB,t,2026-02-20 07:53:54.648586,2026-02-23 07:02:29.148214
13,1,movie_tmdb_1315303,,https://image.tmdb.org/t/p/w500/4Q5IClJJyKUHKNLywQaqwcK00OF.jpg,https://www.themoviedb.org/movie/1315303,TMDB,t,2026-02-20 07:53:54.651544,2026-02-23 07:02:29.192258
14,1,movie_tmdb_1242898,,https://image.tmdb.org/t/p/w500/8lpCbwbYh9SSzCFsHDndZHKrcD4.jpg,https://www.themoviedb.org/movie/1242898,TMDB,t,2026-02-20 07:53:54.654072,2026-02-23 07:02:29.142274
15,1,movie_tmdb_1601243,,https://image.tmdb.org/t/p/w500/tsE3nySukwrfUjouz8vzvKTcXNC.jpg,https://www.themoviedb.org/movie/1601243,TMDB,t,2026-02-20 07:53:54.657176,2026-02-23 07:02:29.187655
16,1,movie_tmdb_83533,,https://image.tmdb.org/t/p/w500/l18o0AK18KS118tWeROOKYkF0ng.jpg,https://www.themoviedb.org/movie/83533,TMDB,t,2026-02-20 07:53:54.659365,2026-02-23 07:02:29.160918
17,1,movie_tmdb_755898,,https://image.tmdb.org/t/p/w500/yvirUYrva23IudARHn3mMGVxWqM.jpg,https://www.themoviedb.org/movie/755898,TMDB,t,2026-02-20 07:53:54.661743,2026-02-23 07:02:29.167689
18,1,movie_tmdb_1317288,,https://image.tmdb.org/t/p/w500/lYWEXbQgRTR4ZQleSXAgRbxAjvq.jpg,https://www.themoviedb.org/movie/1317288,TMDB,t,2026-02-20 07:53:54.663883,2026-02-23 07:02:29.204971
19,1,movie_tmdb_1297842,,https://image.tmdb.org/t/p/w500/wfuqMlaExcoYiUEvKfVpUTt1v4u.jpg,https://www.themoviedb.org/movie/1297842,TMDB,t,2026-02-20 07:53:54.667485,2026-02-23 07:02:29.181361
20,1,movie_tmdb_278,,https://image.tmdb.org/t/p/w500/qV9BQZdiM8foEzDz0Ag5hGWE5qM.jpg,https://www.themoviedb.org/movie/278,TMDB,t,2026-02-20 07:53:54.673049,2026-02-23 07:02:29.410819
21,1,movie_tmdb_238,,https://image.tmdb.org/t/p/w500/1yvBkSv4ZLS1GohlmMDmdpSgfYo.jpg,https://www.themoviedb.org/movie/238,TMDB,t,2026-02-20 07:53:54.678069,2026-02-23 07:02:29.381263
22,1,movie_tmdb_240,,https://image.tmdb.org/t/p/w500/35RGDgySfINL9V2e6lkDECQ0hRa.jpg,https://www.themoviedb.org/movie/240,TMDB,t,2026-02-20 07:53:54.680424,2026-02-23 07:02:29.512556
23,1,movie_tmdb_424,,https://image.tmdb.org/t/p/w500/oyyUcGwLX7LTFS1pQbLrQpyzIyt.jpg,https://www.themoviedb.org/movie/424,TMDB,t,2026-02-20 07:53:54.683841,2026-02-23 07:02:29.516252
24,1,movie_tmdb_389,,https://image.tmdb.org/t/p/w500/yg2XzSxH10DVGNY73e7yZgLnDF5.jpg,https://www.themoviedb.org/movie/389,TMDB,t,2026-02-20 07:53:54.686135,2026-02-23 07:02:29.520918
25,1,movie_tmdb_129,,https://image.tmdb.org/t/p/w500/aZuBfbR0PnCb2up7lqHDsgJlLjs.jpg,https://www.themoviedb.org/movie/129,TMDB,t,2026-02-20 07:53:54.689565,2026-02-23 07:02:29.524786
26,1,movie_tmdb_155,,https://image.tmdb.org/t/p/w500/9ICUbdveP56jRoMMVkXSOr3ceyV.jpg,https://www.themoviedb.org/movie/155,TMDB,t,2026-02-20 07:53:54.692438,2026-02-23 07:02:29.528032
27,1,movie_tmdb_19404,,https://image.tmdb.org/t/p/w500/2CAL2433ZeIihfX1Hb2139CX0pW.jpg,https://www.themoviedb.org/movie/19404,TMDB,t,2026-02-20 07:53:54.695052,2026-02-23 07:02:29.533698
28,1,movie_tmdb_497,,https://image.tmdb.org/t/p/w500/pk1TPODQVnI8GdLf0DhlJQYxWjd.jpg,https://www.themoviedb.org/movie/497,TMDB,t,2026-02-20 07:53:54.697643,2026-02-23 07:02:29.53661
29,1,movie_tmdb_496243,,https://image.tmdb.org/t/p/w500/jjHccoFjbqlfr4VGLVLT7yek0Xn.jpg,https://www.themoviedb.org/movie/496243,TMDB,t,2026-02-20 07:53:54.700148,2026-02-23 07:02:29.468874
30,1,movie_tmdb_122,,https://image.tmdb.org/t/p/w500/n8BPIRqvj1SdTRND828ANXhmSng.jpg,https://www.themoviedb.org/movie/122,TMDB,t,2026-02-20 07:53:54.702825,2026-02-23 07:02:29.540591
31,1,movie_tmdb_680,,https://image.tmdb.org/t/p/w500/6lXRHGoEbnnBUKsuqpL9JxD4DzT.jpg,https://www.themoviedb.org/movie/680,TMDB,t,2026-02-20 07:53:54.705531,2026-02-23 07:02:29.547828
32,1,movie_tmdb_372058,,https://image.tmdb.org/t/p/w500/2DJCufz3Oa703PbLjNX1pM6MCG2.jpg,https://www.themoviedb.org/movie/372058,TMDB,t,2026-02-20 07:53:54.707787,2026-02-23 07:02:29.555611
33,1,movie_tmdb_429,,https://image.tmdb.org/t/p/w500/s7qPuoj4liolAtmx9vcL6AyaZzR.jpg,https://www.themoviedb.org/movie/429,TMDB,t,2026-02-20 07:53:54.710344,2026-02-23 07:02:29.559396
34,1,movie_tmdb_157336,,https://image.tmdb.org/t/p/w500/gDN2NWtHbs8ZWEBQM8Dh5OVXdb4.jpg,https://www.themoviedb.org/movie/157336,TMDB,t,2026-02-20 07:53:54.712827,2026-02-23 07:02:29.358988
35,1,movie_tmdb_13,,https://image.tmdb.org/t/p/w500/l8wvbQQIBV8LBHmx3Wx9xbE2kzt.jpg,https://www.themoviedb.org/movie/13,TMDB,t,2026-02-20 07:53:54.715331,2026-02-23 07:02:29.563442
36,1,movie_tmdb_769,,https://image.tmdb.org/t/p/w500/zF9hSBS1t7PVFLo01GrJ3OjGi67.jpg,https://www.themoviedb.org/movie/769,TMDB,t,2026-02-20 07:53:54.718001,2026-02-23 07:02:29.569367
37,1,movie_tmdb_346,,https://image.tmdb.org/t/p/w500/6Y8Q5t79ybiDA7XubUTneqZhjA3.jpg,https://www.themoviedb.org/movie/346,TMDB,t,2026-02-20 07:53:54.720351,2026-02-23 07:02:29.572957
38,1,movie_tmdb_12477,,https://image.tmdb.org/t/p/w500/uN0x0G4uuRjFJIFN57iYihBV2Qh.jpg,https://www.themoviedb.org/movie/12477,TMDB,t,2026-02-20 07:53:54.722944,2026-02-23 07:02:29.576748
39,1,movie_tmdb_637,,https://image.tmdb.org/t/p/w500/iyQ8pmCpmnPrGtaHMfmSvQLv8Fy.jpg,https://www.themoviedb.org/movie/637,TMDB,t,2026-02-20 07:53:54.725728,2026-02-23 07:02:29.58034
40,1,movie_tmdb_639988,,https://image.tmdb.org/t/p/w500/9w7WGjQes0Cs0s4U3Qr09Tg1Sra.jpg,https://www.themoviedb.org/movie/639988,TMDB,t,2026-02-20 07:53:54.727842,2026-02-23 07:02:29.403144
41,1,movie_tmdb_1131759,,https://image.tmdb.org/t/p/w500/lWQRM7IOCyJT9E5kOnoUvZNELHQ.jpg,https://www.themoviedb.org/movie/1131759,TMDB,t,2026-02-20 07:53:54.730219,2026-02-23 07:02:29.870215
42,1,movie_tmdb_982843,,https://image.tmdb.org/t/p/w500/8SQWFPE6UhNGIMDimAOOg4T5Hem.jpg,https://www.themoviedb.org/movie/982843,TMDB,t,2026-02-20 07:53:54.734356,2026-02-23 07:02:29.496752
43,1,movie_tmdb_1137179,,https://image.tmdb.org/t/p/w500/k4yTwFqvQDApqaoFdgubsbYcuno.jpg,https://www.themoviedb.org/movie/1137179,TMDB,t,2026-02-20 07:53:54.737154,2026-02-23 07:02:29.872119
44,1,movie_tmdb_1247002,,https://image.tmdb.org/t/p/w500/A9yJjkI7GdqeFYMyUe4PebA2NIw.jpg,https://www.themoviedb.org/movie/1247002,TMDB,t,2026-02-20 07:53:54.739089,2026-02-23 07:02:29.874432
45,1,movie_tmdb_1466115,,https://image.tmdb.org/t/p/w500/bMA6E5cu1QUMehjBZOjWjqQjhey.jpg,https://www.themoviedb.org/movie/1466115,TMDB,t,2026-02-20 07:53:54.741447,2026-02-23 07:02:29.876233
46,1,movie_tmdb_482600,,https://image.tmdb.org/t/p/w500/hq1EaYIqUNrPM3QFYAbnH2UHoX8.jpg,https://www.themoviedb.org/movie/482600,TMDB,t,2026-02-20 07:53:54.744318,2026-02-23 07:02:29.881206
47,1,movie_tmdb_670,,https://image.tmdb.org/t/p/w500/xpa9ybm6tYGna5LseqSXvKpSSJn.jpg,https://www.themoviedb.org/movie/670,TMDB,t,2026-02-20 07:53:54.747039,2026-02-23 07:02:29.824771
48,1,movie_tmdb_290098,,https://image.tmdb.org/t/p/w500/62l7g8lUJufEcd1Qz9TbAL5HR9t.jpg,https://www.themoviedb.org/movie/290098,TMDB,t,2026-02-20 07:53:54.749731,2026-02-23 07:02:29.887194
49,1,movie_tmdb_396535,,https://image.tmdb.org/t/p/w500/6XvEZVBFFjybvb1yQd1qfOC6F2S.jpg,https://www.themoviedb.org/movie/396535,TMDB,t,2026-02-20 07:53:54.751996,2026-02-23 07:02:29.892671
50,1,movie_tmdb_269955,,https://image.tmdb.org/t/p/w500/fYrFH2WlCEUNuR85JturV77uOBU.jpg,https://www.themoviedb.org/movie/269955,TMDB,t,2026-02-20 07:53:54.754088,2026-02-23 07:02:29.883045
51,1,movie_tmdb_1241624,,https://image.tmdb.org/t/p/w500/2tsSBC8v47oBbdKkyGmvMWy2IhK.jpg,https://www.themoviedb.org/movie/1241624,TMDB,t,2026-02-20 07:53:54.755904,2026-02-23 07:02:29.88533
52,1,movie_tmdb_793387,,https://image.tmdb.org/t/p/w500/7MGnHpfhF8savUsrUJoI8Q7dTk9.jpg,https://www.themoviedb.org/movie/793387,TMDB,t,2026-02-20 07:53:54.757919,2026-02-23 07:02:29.897589
53,1,movie_tmdb_110415,,https://image.tmdb.org/t/p/w500/jw66dQvYyXkZNA0bJ7nKvua9jDr.jpg,https://www.themoviedb.org/movie/110415,TMDB,t,2026-02-20 07:53:54.759941,2026-02-23 07:02:29.899758
54,1,movie_tmdb_423502,,https://image.tmdb.org/t/p/w500/19ly5EebC8LlejpbWWSBEMqtJz1.jpg,https://www.themoviedb.org/movie/423502,TMDB,t,2026-02-20 07:53:54.762447,2026-02-23 07:02:29.902412
55,1,movie_tmdb_387824,,https://image.tmdb.org/t/p/w500/eLEqhVjleFUgxYWtgIgZ0gHdi3o.jpg,https://www.themoviedb.org/movie/387824,TMDB,t,2026-02-20 07:53:54.765307,2026-02-23 07:02:29.90471
56,1,movie_tmdb_532794,,https://image.tmdb.org/t/p/w500/86cLgLKNkHUUyHsgvWCpuh10JLZ.jpg,https://www.themoviedb.org/movie/532794,TMDB,t,2026-02-20 07:53:54.767288,2026-02-23 07:02:29.926176
57,1,movie_tmdb_287649,,https://image.tmdb.org/t/p/w500/trvtnsNZjHwvB97RLQ3Nc5oncti.jpg,https://www.themoviedb.org/movie/287649,TMDB,t,2026-02-20 07:53:54.769719,2026-02-23 07:02:29.878078
58,1,movie_tmdb_987032,,https://image.tmdb.org/t/p/w500/xFKzEhOhkPwMxWms1n15xLMCXa2.jpg,https://www.themoviedb.org/movie/987032,TMDB,t,2026-02-20 07:53:54.772047,2026-02-23 07:02:30.079237
59,1,movie_tmdb_1333100,,https://image.tmdb.org/t/p/w500/nNjXyrutNl6fAAEFUvOsnC7tjgC.jpg,https://www.themoviedb.org/movie/1333100,TMDB,t,2026-02-20 07:53:54.776949,2026-02-23 07:02:30.08282
60,1,movie_tmdb_122019,,https://image.tmdb.org/t/p/w500/xX9JGtsnXQAR7e1fWkr7zBuQUHN.jpg,https://www.themoviedb.org/movie/122019,TMDB,t,2026-02-20 07:53:54.779271,2026-02-23 07:02:30.086979
61,1,movie_tmdb_612304,,https://image.tmdb.org/t/p/w500/a0qUWUddEMySjvvOUpAAlXWNrZt.jpg,https://www.themoviedb.org/movie/612304,TMDB,t,2026-02-20 07:53:54.78156,2026-02-23 07:02:30.089738
62,1,movie_tmdb_637663,,https://image.tmdb.org/t/p/w500/4Ni5u7VMFbw4kIpqx5wKqjlFVwA.jpg,https://www.themoviedb.org/movie/637663,TMDB,t,2026-02-20 07:53:54.783751,2026-02-23 07:02:30.092594
63,1,movie_tmdb_664280,,https://image.tmdb.org/t/p/w500/L05FleZHcTUj3FoHd6MAus1iZS.jpg,https://www.themoviedb.org/movie/664280,TMDB,t,2026-02-20 07:53:54.786064,2026-02-23 07:02:30.096399
64,1,movie_tmdb_1181678,,https://image.tmdb.org/t/p/w500/9GuvODahvuFqdhuZ16aBLR4UJoP.jpg,https://www.themoviedb.org/movie/1181678,TMDB,t,2026-02-20 07:53:54.789557,2026-02-23 07:02:30.11862
65,1,movie_tmdb_938567,,https://image.tmdb.org/t/p/w500/zsETnl41LG1oIsftGFyRh2BWXpE.jpg,https://www.themoviedb.org/movie/938567,TMDB,t,2026-02-20 07:53:54.791826,2026-02-23 07:02:30.122061
66,1,movie_tmdb_11216,,https://image.tmdb.org/t/p/w500/r782z4H7GzkyNaf3hAtBB4pVkOj.jpg,https://www.themoviedb.org/movie/11216,TMDB,t,2026-02-20 07:53:54.794117,2026-02-23 07:02:29.599636
67,1,movie_tmdb_40096,,https://image.tmdb.org/t/p/w500/imcOp1kJsCsAFCoOtY5OnPrFbAf.jpg,https://www.themoviedb.org/movie/40096,TMDB,t,2026-02-20 07:53:54.798635,2026-02-23 07:02:30.104718
68,1,movie_tmdb_696374,,https://image.tmdb.org/t/p/w500/oyG9TL7FcRP4EZ9Vid6uKzwdndz.jpg,https://www.themoviedb.org/movie/696374,TMDB,t,2026-02-20 07:53:54.800685,2026-02-23 07:02:29.626002
69,1,movie_tmdb_1232449,,https://image.tmdb.org/t/p/w500/xsApLXxqTG5uorAZRF0kJi0oXfR.jpg,https://www.themoviedb.org/movie/1232449,TMDB,t,2026-02-20 07:53:54.803429,2026-02-23 07:02:30.111481
70,1,movie_tmdb_1291559,,https://image.tmdb.org/t/p/w500/cfq4mzrhAD6V49a8aLn15jCkzLA.jpg,https://www.themoviedb.org/movie/1291559,TMDB,t,2026-02-20 07:53:54.805383,2026-02-23 07:02:30.113896
71,1,movie_tmdb_378064,,https://image.tmdb.org/t/p/w500/aUF10sSW5OVfpK6Ma3vJYd3Tp3A.jpg,https://www.themoviedb.org/movie/378064,TMDB,t,2026-02-20 07:53:54.807803,2026-02-23 07:02:29.649745
72,1,movie_tmdb_724089,,https://image.tmdb.org/t/p/w500/x5o8cLZfEXMoZczTYWLrUo1P7UJ.jpg,https://www.themoviedb.org/movie/724089,TMDB,t,2026-02-20 07:53:54.81048,2026-02-23 07:02:29.67586
73,1,movie_tmdb_76115,,https://image.tmdb.org/t/p/w500/AajRgGwEawAyyprkqm1gkwH77JL.jpg,https://www.themoviedb.org/movie/76115,TMDB,t,2026-02-20 07:53:54.813367,2026-02-23 07:02:30.116094
74,1,movie_tmdb_761053,,https://image.tmdb.org/t/p/w500/fYtHxTxlhzD4QWfEbrC1rypysSD.jpg,https://www.themoviedb.org/movie/761053,TMDB,t,2026-02-20 07:53:54.816293,2026-02-23 07:02:29.684412
75,1,movie_tmdb_1355666,,https://image.tmdb.org/t/p/w500/hOi5K1tx8aAZN239VU1qzvyao87.jpg,https://www.themoviedb.org/movie/1355666,TMDB,t,2026-02-20 07:53:54.818919,2026-02-23 07:02:29.995128
76,1,movie_tmdb_1218925,,https://image.tmdb.org/t/p/w500/oTn0PoR8gSMpMqJaT2pUtkkN0Ia.jpg,https://www.themoviedb.org/movie/1218925,TMDB,t,2026-02-20 07:53:54.821597,2026-02-23 07:02:29.707684
77,1,movie_tmdb_120301,,https://image.tmdb.org/t/p/w500/3KP4lpfka3RoHEMQ8Hp43M9fxJl.jpg,https://www.themoviedb.org/movie/120301,TMDB,t,2026-02-20 07:53:54.825015,2026-02-23 07:02:30.124491
78,1,movie_tmdb_937337,,https://image.tmdb.org/t/p/w500/aZ9qQ3X8xutsWIusMFGKlvkKiyD.jpg,https://www.themoviedb.org/movie/937337,TMDB,t,2026-02-20 07:53:54.827411,2026-02-23 07:02:30.126671
79,1,movie_tmdb_372754,,https://image.tmdb.org/t/p/w500/jNJ9shLhjRavjrCGRnoTmYB18d2.jpg,https://www.themoviedb.org/movie/372754,TMDB,t,2026-02-20 07:53:54.830121,2026-02-23 07:02:29.742009
80,1,movie_tmdb_820067,,https://image.tmdb.org/t/p/w500/shtqSAsB8snS3iww99iksu2QaoZ.jpg,https://www.themoviedb.org/movie/820067,TMDB,t,2026-02-20 07:53:54.832176,2026-02-23 07:02:29.747937
81,1,movie_tmdb_529414,,https://image.tmdb.org/t/p/w500/iT5LzAICUgviiSY0d5461MKNSOc.jpg,https://www.themoviedb.org/movie/529414,TMDB,t,2026-02-20 07:53:54.834569,2026-02-23 07:02:30.147773
82,1,movie_tmdb_1302151,,https://image.tmdb.org/t/p/w500/xDHlLybirflJFlvPFVHhcTKAZQ2.jpg,https://www.themoviedb.org/movie/1302151,TMDB,t,2026-02-20 07:53:54.837061,2026-02-23 07:02:30.150027
83,1,movie_tmdb_595723,,https://image.tmdb.org/t/p/w500/h7rzOEh1gvGRIjehKnOHcMV0YQ3.jpg,https://www.themoviedb.org/movie/595723,TMDB,t,2026-02-20 07:53:54.839088,2026-02-23 07:02:30.152368
84,1,movie_tmdb_772071,,https://image.tmdb.org/t/p/w500/6bgtEL6A0mnWfrf3GWBnsdppfbf.jpg,https://www.themoviedb.org/movie/772071,TMDB,t,2026-02-20 07:53:54.841056,2026-02-23 07:02:30.154903
85,1,movie_tmdb_1175306,,https://image.tmdb.org/t/p/w500/pQeyfqLEDdY6x4P4Fl5r6jcstN4.jpg,https://www.themoviedb.org/movie/1175306,TMDB,t,2026-02-20 07:53:54.843852,2026-02-23 07:02:30.157132
86,1,movie_tmdb_1150394,,https://image.tmdb.org/t/p/w500/4f9ghI3utknpeBZSAzNuIKKATOA.jpg,https://www.themoviedb.org/movie/1150394,TMDB,t,2026-02-20 07:53:54.8464,2026-02-23 07:02:30.160783
87,1,movie_tmdb_105,,https://image.tmdb.org/t/p/w500/zzxvtXJ9pahjWVX3Q2ko29J0Zf6.jpg,https://www.themoviedb.org/movie/105,TMDB,t,2026-02-20 07:53:54.848598,2026-02-23 07:02:29.724936
88,1,movie_tmdb_210769,,https://image.tmdb.org/t/p/w500/pulFY8KAuF6BiySNkVHgAN7cI0H.jpg,https://www.themoviedb.org/movie/210769,TMDB,t,2026-02-20 07:53:54.852345,2026-02-23 07:02:30.163057
89,1,movie_tmdb_641364,,https://image.tmdb.org/t/p/w500/fOoNsclGvm3RSMLKbEgPIcRkxRJ.jpg,https://www.themoviedb.org/movie/641364,TMDB,t,2026-02-20 07:53:54.854768,2026-02-23 07:02:30.181306
90,1,movie_tmdb_324857,,https://image.tmdb.org/t/p/w500/d9V6Q9vpVpmaca7vwSUbCajtDb3.jpg,https://www.themoviedb.org/movie/324857,TMDB,t,2026-02-20 07:53:54.857169,2026-02-23 07:02:29.630058
91,1,movie_tmdb_4935,,https://image.tmdb.org/t/p/w500/3sVFlmzBCZpwlsosKHxyK4d9oDw.jpg,https://www.themoviedb.org/movie/4935,TMDB,t,2026-02-20 07:53:54.85991,2026-02-23 07:02:29.64263
92,1,movie_tmdb_1181107,,https://image.tmdb.org/t/p/w500/98KunrxxQOaDGeefGuyjaZ0UWes.jpg,https://www.themoviedb.org/movie/1181107,TMDB,t,2026-02-20 07:53:54.862855,2026-02-23 07:02:30.18365
93,1,movie_tmdb_569094,,https://image.tmdb.org/t/p/w500/lMWTlGr9jVUC18T515hPRKym5QQ.jpg,https://www.themoviedb.org/movie/569094,TMDB,t,2026-02-20 07:53:54.865424,2026-02-23 07:02:29.714778
94,1,movie_tmdb_128,,https://image.tmdb.org/t/p/w500/lLftgg4iFyDwuodra3Isr41y2Lq.jpg,https://www.themoviedb.org/movie/128,TMDB,t,2026-02-20 07:53:54.869041,2026-02-23 07:02:29.727792
95,1,movie_tmdb_620249,,https://image.tmdb.org/t/p/w500/4VhlO8O5COmkz3XBwrbfnunTnzK.jpg,https://www.themoviedb.org/movie/620249,TMDB,t,2026-02-20 07:53:54.871561,2026-02-23 07:02:29.730791
96,1,movie_tmdb_1184918,,https://image.tmdb.org/t/p/w500/MyjAXMgtSFJ4bvXMdTwRHaE9Tx.jpg,https://www.themoviedb.org/movie/1184918,TMDB,t,2026-02-20 07:53:54.873645,2026-02-23 07:02:29.735714
97,1,movie_tmdb_526429,,https://image.tmdb.org/t/p/w500/hX6tJnwtzyAshnqcYlEpDKH9BFK.jpg,https://www.themoviedb.org/movie/526429,TMDB,t,2026-02-20 07:53:54.876997,2026-02-23 07:02:30.186791
98,1,movie_tmdb_10494,,https://image.tmdb.org/t/p/w500/cpsxJP7lUNEozPtDLIM5gPC9gJH.jpg,https://www.themoviedb.org/movie/10494,TMDB,t,2026-02-20 07:53:54.879003,2026-02-23 07:02:29.744788
99,1,movie_tmdb_858024,,https://image.tmdb.org/t/p/w500/96ikpEmn7Uxct77x6kTIUgnldh2.jpg,https://www.themoviedb.org/movie/858024,TMDB,t,2026-02-20 07:53:54.882155,2026-02-23 07:02:29.276286
100,1,movie_tmdb_1171145,,https://image.tmdb.org/t/p/w500/2HoR2x23bqKpopluoBD1FH3tBi7.jpg,https://www.themoviedb.org/movie/1171145,TMDB,t,2026-02-20 07:53:54.885151,2026-02-23 07:02:29.221138
101,1,movie_tmdb_1243460,,https://image.tmdb.org/t/p/w500/hK0tI25tfpoWsUflXiVqcIYFptX.jpg,https://www.themoviedb.org/movie/1243460,TMDB,t,2026-02-20 07:53:54.888447,2026-02-23 07:02:29.377262
102,1,movie_tmdb_425274,,https://image.tmdb.org/t/p/w500/dECA069mRikkghzgSBsM0cvic4F.jpg,https://www.themoviedb.org/movie/425274,TMDB,t,2026-02-20 07:53:54.891628,2026-02-23 07:02:29.281074
103,1,movie_tmdb_1140498,,https://image.tmdb.org/t/p/w500/92laLBRtuyOm7l32XZJT7T6OXW1.jpg,https://www.themoviedb.org/movie/1140498,TMDB,t,2026-02-20 07:53:54.894575,2026-02-20 07:53:54.894575
104,1,movie_tmdb_680493,,https://image.tmdb.org/t/p/w500/lSzmchPGjy6gjLMCpousS3vQAjS.jpg,https://www.themoviedb.org/movie/680493,TMDB,t,2026-02-20 07:53:54.898353,2026-02-20 07:53:54.898353
105,1,movie_tmdb_1261188,,https://image.tmdb.org/t/p/w500/rg9pq0xUCW8fIihlDGhIlGLaKQy.jpg,https://www.themoviedb.org/movie/1261188,TMDB,t,2026-02-20 07:53:54.901897,2026-02-23 07:02:30.219897
117,1,movie_tmdb_1244975,,https://image.tmdb.org/t/p/w500/e08WqjLKqcw6HqHK9QlH0XGxyGb.jpg,https://www.themoviedb.org/movie/1244975,TMDB,t,2026-02-23 01:17:01.672743,2026-02-23 07:02:29.151323
118,1,movie_tmdb_1428862,,https://image.tmdb.org/t/p/w500/ritfUhDs0L5t9tt1raLsPB3OYiI.jpg,https://www.themoviedb.org/movie/1428862,TMDB,t,2026-02-23 01:17:01.682603,2026-02-23 07:02:29.157796
122,1,movie_tmdb_1205225,,https://image.tmdb.org/t/p/w500/tsu0fapttpwweWhx2GvYFtSCFhi.jpg,https://www.themoviedb.org/movie/1205225,TMDB,t,2026-02-23 01:17:01.701378,2026-02-23 07:02:29.175285
144,1,movie_tmdb_1268609,,https://image.tmdb.org/t/p/w500/22RlxpIT4u4psfIx9tmtbPvgAbm.jpg,https://www.themoviedb.org/movie/1268609,TMDB,t,2026-02-23 01:17:01.843709,2026-02-23 07:02:29.483275
201,1,movie_tmdb_1327688,,https://image.tmdb.org/t/p/w500/1GZaoYe0mQy211DgDSAxAXr30ul.jpg,https://www.themoviedb.org/movie/1327688,TMDB,t,2026-02-23 01:17:02.538172,2026-02-23 07:02:29.310086
204,1,movie_tmdb_1088434,,https://image.tmdb.org/t/p/w500/tQti9QTf13MfzNpXguijgNh7ojE.jpg,https://www.themoviedb.org/movie/1088434,TMDB,t,2026-02-23 01:17:02.548687,2026-02-23 02:51:59.307859
206,1,movie_tmdb_1246049,,https://image.tmdb.org/t/p/w500/hCKkybW6EfSZoOW3xia9ZsQwaUd.jpg,https://www.themoviedb.org/movie/1246049,TMDB,t,2026-02-23 01:17:02.553276,2026-02-23 07:02:29.341384
209,1,movie_tmdb_1198994,,https://image.tmdb.org/t/p/w500/c4df7ExGyVUWAWOwNB5jy4EFHsx.jpg,https://www.themoviedb.org/movie/1198994,TMDB,t,2026-02-23 01:17:02.560771,2026-02-23 07:02:29.351602
310,1,movie_tmdb_1208348,,https://image.tmdb.org/t/p/w500/9hcvCoM2tUcYfZU7XDD7UW7DFBO.jpg,https://www.themoviedb.org/movie/1208348,TMDB,t,2026-02-23 01:36:53.322064,2026-02-23 07:02:30.216709
313,1,movie_tmdb_1242937,,https://image.tmdb.org/t/p/w500/hGH8Ji7pG2ytHxo7ABqHM3TpzFA.jpg,https://www.themoviedb.org/movie/1242937,TMDB,t,2026-02-23 01:36:53.330257,2026-02-23 07:02:29.390807
520,1,movie_tmdb_1054867,,https://image.tmdb.org/t/p/w500/bCg9iDSXPjVTUs1RyYH8AhmJ11d.jpg,https://www.themoviedb.org/movie/1054867,TMDB,t,2026-02-23 05:58:31.499007,2026-02-23 07:02:29.368069
543,1,movie_tmdb_1311031,,https://image.tmdb.org/t/p/w500/m6Dho6hDCcL5KI8mOQNemZAedFI.jpg,https://www.themoviedb.org/movie/1311031,TMDB,t,2026-02-23 07:02:29.210356,2026-02-23 07:02:29.210356
545,1,movie_tmdb_1146344,,https://image.tmdb.org/t/p/w500/z7padnoIDHbmxPdqEHryhqlaVqc.jpg,https://www.themoviedb.org/movie/1146344,TMDB,t,2026-02-23 07:02:29.227799,2026-02-23 07:02:29.227799
546,1,movie_tmdb_1511417,,https://image.tmdb.org/t/p/w500/4sLSorDKKDN944kWngxgQlpdDeg.jpg,https://www.themoviedb.org/movie/1511417,TMDB,t,2026-02-23 07:02:29.233449,2026-02-23 07:02:29.233449
547,1,movie_tmdb_1584215,,https://image.tmdb.org/t/p/w500/fYqSOkix4rbDiZW0ACNnvZCpT6X.jpg,https://www.themoviedb.org/movie/1584215,TMDB,t,2026-02-23 07:02:29.244461,2026-02-23 07:02:29.244461
548,1,movie_tmdb_1600028,,https://image.tmdb.org/t/p/w500/d9i9EZHpjwqAP9byTJDAuXgSdZP.jpg,https://www.themoviedb.org/movie/1600028,TMDB,t,2026-02-23 07:02:29.248203,2026-02-23 07:02:29.248203
549,1,movie_tmdb_1310568,,https://image.tmdb.org/t/p/w500/3DBmBItPdy0A2ol59jgHhS54Lua.jpg,https://www.themoviedb.org/movie/1310568,TMDB,t,2026-02-23 07:02:29.251596,2026-02-23 07:02:29.251596
550,1,movie_tmdb_1234731,,https://image.tmdb.org/t/p/w500/qxMv3HwAB3XPuwNLMhVRg795Ktp.jpg,https://www.themoviedb.org/movie/1234731,TMDB,t,2026-02-23 07:02:29.254457,2026-02-23 07:02:29.254457
551,1,movie_tmdb_1306368,,https://image.tmdb.org/t/p/w500/o0d6Us9VWOW0nHhoB7ZNIwigARG.jpg,https://www.themoviedb.org/movie/1306368,TMDB,t,2026-02-23 07:02:29.258306,2026-02-23 07:02:29.258306
552,1,movie_tmdb_1271895,,https://image.tmdb.org/t/p/w500/5HefFZDvzHAR4qWEMExLfyM0qLs.jpg,https://www.themoviedb.org/movie/1271895,TMDB,t,2026-02-23 07:02:29.264348,2026-02-23 07:02:29.264348
553,1,movie_tmdb_1323625,,https://image.tmdb.org/t/p/w500/rNqLzACU9ez2ehDalTFDPjZiC4G.jpg,https://www.themoviedb.org/movie/1323625,TMDB,t,2026-02-23 07:02:29.267744,2026-02-23 07:02:29.267744
554,1,movie_tmdb_1052558,,https://image.tmdb.org/t/p/w500/kmnaCRTinFPN8iplWgdGQZ52WzY.jpg,https://www.themoviedb.org/movie/1052558,TMDB,t,2026-02-23 07:02:29.271341,2026-02-23 07:02:29.271341
557,1,movie_tmdb_1167307,,https://image.tmdb.org/t/p/w500/bESlrLOrsQ9gKzaGQGHXKOyIUtX.jpg,https://www.themoviedb.org/movie/1167307,TMDB,t,2026-02-23 07:02:29.284832,2026-02-23 07:02:29.284832
558,1,movie_tmdb_1043197,,https://image.tmdb.org/t/p/w500/vobigFZFvbYPf6ElYJu07P9rH8C.jpg,https://www.themoviedb.org/movie/1043197,TMDB,t,2026-02-23 07:02:29.287277,2026-02-23 07:02:29.287277
559,1,movie_tmdb_991494,,https://image.tmdb.org/t/p/w500/2QCGC4toQXYuIsWKj5vJQRAdPjd.jpg,https://www.themoviedb.org/movie/991494,TMDB,t,2026-02-23 07:02:29.291228,2026-02-23 07:02:29.291228
560,1,movie_tmdb_241258,,https://image.tmdb.org/t/p/w500/t8P6C6Z9j74zWTiIWP74JE7QzFg.jpg,https://www.themoviedb.org/movie/241258,TMDB,t,2026-02-23 07:02:29.295923,2026-02-23 07:02:29.295923
561,1,movie_tmdb_1242501,,https://image.tmdb.org/t/p/w500/5jqga2F2nkBHWM4Ip5qha8gANpJ.jpg,https://www.themoviedb.org/movie/1242501,TMDB,t,2026-02-23 07:02:29.299462,2026-02-23 07:02:29.299462
562,1,movie_tmdb_24428,,https://image.tmdb.org/t/p/w500/krgjV3rJtBcEpQehODKXNCt6uFL.jpg,https://www.themoviedb.org/movie/24428,TMDB,t,2026-02-23 07:02:29.304917,2026-02-23 07:02:29.304917
564,1,movie_tmdb_1199869,,https://image.tmdb.org/t/p/w500/lpepbfVziHJLhVoxTEKs8ok00iu.jpg,https://www.themoviedb.org/movie/1199869,TMDB,t,2026-02-23 07:02:29.312084,2026-02-23 07:02:29.312084
565,1,movie_tmdb_1290821,,https://image.tmdb.org/t/p/w500/buPFnHZ3xQy6vZEHxbHgL1Pc6CR.jpg,https://www.themoviedb.org/movie/1290821,TMDB,t,2026-02-23 07:02:29.315347,2026-02-23 07:02:29.315347
566,1,movie_tmdb_48838,,https://image.tmdb.org/t/p/w500/lBKXcEoSGxt8bznUgaAsN1b03lu.jpg,https://www.themoviedb.org/movie/48838,TMDB,t,2026-02-23 07:02:29.32724,2026-02-23 07:02:29.32724
567,1,movie_tmdb_220493,,https://image.tmdb.org/t/p/w500/v1AhGdqmaMC0354q2oVHCgH3d6z.jpg,https://www.themoviedb.org/movie/220493,TMDB,t,2026-02-23 07:02:29.330373,2026-02-23 07:02:29.330373
568,1,movie_tmdb_284276,,https://image.tmdb.org/t/p/w500/5GJEZovjtKisJxNMG6fBTCxNzZi.jpg,https://www.themoviedb.org/movie/284276,TMDB,t,2026-02-23 07:02:29.337781,2026-02-23 07:02:29.337781
570,1,movie_tmdb_1252037,,https://image.tmdb.org/t/p/w500/swNuqlHua7uLgV6ulS4t2RGP2sd.jpg,https://www.themoviedb.org/movie/1252037,TMDB,t,2026-02-23 07:02:29.344682,2026-02-23 07:02:29.344682
571,1,movie_tmdb_803796,,https://image.tmdb.org/t/p/w500/5fqcLmrgVDicMuGLOa9PKErFP72.jpg,https://www.themoviedb.org/movie/803796,TMDB,t,2026-02-23 07:02:29.348077,2026-02-23 07:02:29.348077
573,1,movie_tmdb_7451,,https://image.tmdb.org/t/p/w500/ysmsesGYF83VZXSvkG8ZdNNCKAz.jpg,https://www.themoviedb.org/movie/7451,TMDB,t,2026-02-23 07:02:29.355064,2026-02-23 07:02:29.355064
576,1,movie_tmdb_575265,,https://image.tmdb.org/t/p/w500/c5pDU8SW0ZbmO5jHfw7fX6keyyR.jpg,https://www.themoviedb.org/movie/575265,TMDB,t,2026-02-23 07:02:29.372878,2026-02-23 07:02:29.372878
579,1,movie_tmdb_1228246,,https://image.tmdb.org/t/p/w500/kEmPnUUXaF9hPgDMlc0eJht5JYO.jpg,https://www.themoviedb.org/movie/1228246,TMDB,t,2026-02-23 07:02:29.3875,2026-02-23 07:02:29.3875
581,1,movie_tmdb_166680,,https://image.tmdb.org/t/p/w500/zMORD6VDGIWo5thfMuA4Edb1mbj.jpg,https://www.themoviedb.org/movie/166680,TMDB,t,2026-02-23 07:02:29.393197,2026-02-23 07:02:29.393197
582,1,movie_tmdb_19995,,https://image.tmdb.org/t/p/w500/m5lCha2XcbDowDoYHPc0DTNaCPU.jpg,https://www.themoviedb.org/movie/19995,TMDB,t,2026-02-23 07:02:29.396383,2026-02-23 07:02:29.396383
584,1,movie_tmdb_11065,,https://image.tmdb.org/t/p/w500/u8mFQU3YwNvZWcATncaAHUfEEMr.jpg,https://www.themoviedb.org/movie/11065,TMDB,t,2026-02-23 07:02:29.40787,2026-02-23 07:02:29.40787
586,1,movie_tmdb_76600,,https://image.tmdb.org/t/p/w500/u2aVXft5GLBQnjzWVNda7sdDpdu.jpg,https://www.themoviedb.org/movie/76600,TMDB,t,2026-02-23 07:02:29.415084,2026-02-23 07:02:29.415084
587,1,movie_tmdb_1266990,,https://image.tmdb.org/t/p/w500/bZ8xfM705sK59dA1UCdRkEj7LHN.jpg,https://www.themoviedb.org/movie/1266990,TMDB,t,2026-02-23 07:02:29.420681,2026-02-23 07:02:29.420681
588,1,movie_tmdb_10774,,https://image.tmdb.org/t/p/w500/ekmnhhlWzYLj0TeWCNJBDQj10xW.jpg,https://www.themoviedb.org/movie/10774,TMDB,t,2026-02-23 07:02:29.423234,2026-02-23 07:02:29.423234
589,1,movie_tmdb_1305781,,https://image.tmdb.org/t/p/w500/AsWzPlQK2xJTIrzw6McT8Yvy6H2.jpg,https://www.themoviedb.org/movie/1305781,TMDB,t,2026-02-23 07:02:29.427596,2026-02-23 07:02:29.427596
590,1,movie_tmdb_1223601,,https://image.tmdb.org/t/p/w500/dONN7cHf2MF1nEZX2THgi89otcj.jpg,https://www.themoviedb.org/movie/1223601,TMDB,t,2026-02-23 07:02:29.430864,2026-02-23 07:02:29.430864
591,1,movie_tmdb_1242015,,https://image.tmdb.org/t/p/w500/6rrn8cQrPDWBKdqjOi2lB27AWuq.jpg,https://www.themoviedb.org/movie/1242015,TMDB,t,2026-02-23 07:02:29.433948,2026-02-23 07:02:29.433948
592,1,movie_tmdb_1287141,,https://image.tmdb.org/t/p/w500/7Pd6ChSQjSXy4snJiorSdzg2cG3.jpg,https://www.themoviedb.org/movie/1287141,TMDB,t,2026-02-23 07:02:29.437646,2026-02-23 07:02:29.437646
593,1,movie_tmdb_1234821,,https://image.tmdb.org/t/p/w500/ygr4hE8Qpagv8sxZbMw1mtYkcQE.jpg,https://www.themoviedb.org/movie/1234821,TMDB,t,2026-02-23 07:02:29.440557,2026-02-23 07:02:29.440557
594,1,movie_tmdb_628847,,https://image.tmdb.org/t/p/w500/6tpAPeuuqbVnYWWPoOLEDLSBU7a.jpg,https://www.themoviedb.org/movie/628847,TMDB,t,2026-02-23 07:02:29.444831,2026-02-23 07:02:29.444831
595,1,movie_tmdb_1233413,,https://image.tmdb.org/t/p/w500/qEipksU5SzHxbeZbE0cZQzEt6bD.jpg,https://www.themoviedb.org/movie/1233413,TMDB,t,2026-02-23 07:02:29.448219,2026-02-23 07:02:29.448219
596,1,movie_tmdb_1062722,,https://image.tmdb.org/t/p/w500/vSMWJkBTEfa7kFxHizSz4uJNVlf.jpg,https://www.themoviedb.org/movie/1062722,TMDB,t,2026-02-23 07:02:29.457287,2026-02-23 07:02:29.457287
597,1,movie_tmdb_10529,,https://image.tmdb.org/t/p/w500/mQCVPhDrARHgesgavMMKURE9yZi.jpg,https://www.themoviedb.org/movie/10529,TMDB,t,2026-02-23 07:02:29.463033,2026-02-23 07:02:29.463033
599,1,movie_tmdb_14874,,https://image.tmdb.org/t/p/w500/wNOIMMhPaBiFaDEHOODFEHg8Ef8.jpg,https://www.themoviedb.org/movie/14874,TMDB,t,2026-02-23 07:02:29.474758,2026-02-23 07:02:29.474758
600,1,movie_tmdb_1340076,,https://image.tmdb.org/t/p/w500/aBMnVU5yrsP5XMBZhG8aT2w6m9u.jpg,https://www.themoviedb.org/movie/1340076,TMDB,t,2026-02-23 07:02:29.477596,2026-02-23 07:02:29.477596
601,1,movie_tmdb_1326878,,https://image.tmdb.org/t/p/w500/v6hYeC1asK2ZRU7Ygukn4tV1zlS.jpg,https://www.themoviedb.org/movie/1326878,TMDB,t,2026-02-23 07:02:29.479814,2026-02-23 07:02:29.479814
603,1,movie_tmdb_461992,,https://image.tmdb.org/t/p/w500/fsaLa1qm9PNNs1IYyvG1kKOl8YK.jpg,https://www.themoviedb.org/movie/461992,TMDB,t,2026-02-23 07:02:29.494155,2026-02-23 07:02:29.494155
605,1,movie_tmdb_1528660,,https://image.tmdb.org/t/p/w500/z1lwn6GWAjJ7CSn80ZcURb0Cj4G.jpg,https://www.themoviedb.org/movie/1528660,TMDB,t,2026-02-23 07:02:29.500505,2026-02-23 07:02:29.500505
606,1,movie_tmdb_911430,,https://image.tmdb.org/t/p/w500/bvVoP1t2gNvmE9ccSrqR1zcGHGM.jpg,https://www.themoviedb.org/movie/911430,TMDB,t,2026-02-23 07:02:29.50298,2026-02-23 07:02:29.50298
607,1,movie_tmdb_299536,,https://image.tmdb.org/t/p/w500/kmP6viwzcEkZeoi1LaVcQemcvZh.jpg,https://www.themoviedb.org/movie/299536,TMDB,t,2026-02-23 07:02:29.508606,2026-02-23 07:02:29.508606
624,1,movie_tmdb_14537,,https://image.tmdb.org/t/p/w500/3uRTEObwdN7Q3u5xswL2Vf8EsOn.jpg,https://www.themoviedb.org/movie/14537,TMDB,t,2026-02-23 07:02:29.584885,2026-02-23 07:02:29.584885
625,1,movie_tmdb_550,,https://image.tmdb.org/t/p/w500/eKZ07Ted7VHxQjbuZrRBFOamcKJ.jpg,https://www.themoviedb.org/movie/550,TMDB,t,2026-02-23 07:02:29.588782,2026-02-23 07:02:29.588782
626,1,movie_tmdb_120,,https://image.tmdb.org/t/p/w500/r18JdjImbWDRwkbVDIzWoLQqkCo.jpg,https://www.themoviedb.org/movie/120,TMDB,t,2026-02-23 07:02:29.592769,2026-02-23 07:02:29.592769
627,1,movie_tmdb_598,,https://image.tmdb.org/t/p/w500/iKXrQB16sxeXoc6GlnYjeeZKsOW.jpg,https://www.themoviedb.org/movie/598,TMDB,t,2026-02-23 07:02:29.596928,2026-02-23 07:02:29.596928
629,1,movie_tmdb_667257,,https://image.tmdb.org/t/p/w500/eaf7GQj0ieOwm08rrvjJQNbN0kN.jpg,https://www.themoviedb.org/movie/667257,TMDB,t,2026-02-23 07:02:29.606388,2026-02-23 07:02:29.606388
630,1,movie_tmdb_539,,https://image.tmdb.org/t/p/w500/vC3P8hH4r3I3fHiRFa1kj6yzeaN.jpg,https://www.themoviedb.org/movie/539,TMDB,t,2026-02-23 07:02:29.611079,2026-02-23 07:02:29.611079
631,1,movie_tmdb_510,,https://image.tmdb.org/t/p/w500/g6TD3q0aunRN5VveKauoH8FdxQw.jpg,https://www.themoviedb.org/movie/510,TMDB,t,2026-02-23 07:02:29.616869,2026-02-23 07:02:29.616869
632,1,movie_tmdb_121,,https://image.tmdb.org/t/p/w500/zxZdTi3fA7aDxEOivmzZAY2bmTu.jpg,https://www.themoviedb.org/movie/121,TMDB,t,2026-02-23 07:02:29.622277,2026-02-23 07:02:29.622277
635,1,movie_tmdb_255709,,https://image.tmdb.org/t/p/w500/PZlNvDwKwHeHUsXnd6SEDXWZNn.jpg,https://www.themoviedb.org/movie/255709,TMDB,t,2026-02-23 07:02:29.63606,2026-02-23 07:02:29.63606
636,1,movie_tmdb_1891,,https://image.tmdb.org/t/p/w500/icaO5w8uLVm4JxMew71JJrQE2YX.jpg,https://www.themoviedb.org/movie/1891,TMDB,t,2026-02-23 07:02:29.638864,2026-02-23 07:02:29.638864
638,1,movie_tmdb_311,,https://image.tmdb.org/t/p/w500/xbuc6sjIIopkA1Ep24rR6yCw0DK.jpg,https://www.themoviedb.org/movie/311,TMDB,t,2026-02-23 07:02:29.646361,2026-02-23 07:02:29.646361
640,1,movie_tmdb_807,,https://image.tmdb.org/t/p/w500/izzk8dbmrLowcoGbFaebqJvzyXg.jpg,https://www.themoviedb.org/movie/807,TMDB,t,2026-02-23 07:02:29.656192,2026-02-23 07:02:29.656192
641,1,movie_tmdb_423,,https://image.tmdb.org/t/p/w500/t7L2YDpu635qKT3ehqZxry4yvTX.jpg,https://www.themoviedb.org/movie/423,TMDB,t,2026-02-23 07:02:29.664415,2026-02-23 07:02:29.664415
642,1,movie_tmdb_244786,,https://image.tmdb.org/t/p/w500/oKNkhmyIBiDENivK6ELZxfBWa3q.jpg,https://www.themoviedb.org/movie/244786,TMDB,t,2026-02-23 07:02:29.669147,2026-02-23 07:02:29.669147
644,1,movie_tmdb_27205,,https://image.tmdb.org/t/p/w500/atSxEGstxXRoSKDQFBgqQ5lpGSt.jpg,https://www.themoviedb.org/movie/27205,TMDB,t,2026-02-23 07:02:29.678737,2026-02-23 07:02:29.678737
646,1,movie_tmdb_770156,,https://image.tmdb.org/t/p/w500/yfnJ5qIYx7q33fY4jqv9Pu95RSg.jpg,https://www.themoviedb.org/movie/770156,TMDB,t,2026-02-23 07:02:29.687138,2026-02-23 07:02:29.687138
647,1,movie_tmdb_12493,,https://image.tmdb.org/t/p/w500/hWsJ92ERvlaJSKBmUaN0TURQb98.jpg,https://www.themoviedb.org/movie/12493,TMDB,t,2026-02-23 07:02:29.690263,2026-02-23 07:02:29.690263
648,1,movie_tmdb_274,,https://image.tmdb.org/t/p/w500/hOr56UKAsB9waNDHhriOntCjHTJ.jpg,https://www.themoviedb.org/movie/274,TMDB,t,2026-02-23 07:02:29.696981,2026-02-23 07:02:29.696981
649,1,movie_tmdb_567,,https://image.tmdb.org/t/p/w500/jU5Fe7n9rsEBa0uaV5dqGjJGwmX.jpg,https://www.themoviedb.org/movie/567,TMDB,t,2026-02-23 07:02:29.703146,2026-02-23 07:02:29.703146
651,1,movie_tmdb_1058694,,https://image.tmdb.org/t/p/w500/eSatbygYZp8ooprBHZdb6GFZxGB.jpg,https://www.themoviedb.org/movie/1058694,TMDB,t,2026-02-23 07:02:29.712285,2026-02-23 07:02:29.712285
653,1,movie_tmdb_73,,https://image.tmdb.org/t/p/w500/nm4XkYBt79ZjUQj6Rqxxzl1Wt3c.jpg,https://www.themoviedb.org/movie/73,TMDB,t,2026-02-23 07:02:29.720541,2026-02-23 07:02:29.720541
657,1,movie_tmdb_3782,,https://image.tmdb.org/t/p/w500/8aja0bziXOA0ZgspOLyt4PVZ9kF.jpg,https://www.themoviedb.org/movie/3782,TMDB,t,2026-02-23 07:02:29.733187,2026-02-23 07:02:29.733187
659,1,movie_tmdb_207,,https://image.tmdb.org/t/p/w500/41AJ4X5TRWpECsiMIKS8so4MSsD.jpg,https://www.themoviedb.org/movie/207,TMDB,t,2026-02-23 07:02:29.739268,2026-02-23 07:02:29.739268
663,1,movie_tmdb_533514,,https://image.tmdb.org/t/p/w500/mBUy2lCwk6fpByQ7GBFKRApKEHb.jpg,https://www.themoviedb.org/movie/533514,TMDB,t,2026-02-23 07:02:29.75023,2026-02-23 07:02:29.75023
664,1,movie_tmdb_101,,https://image.tmdb.org/t/p/w500/cVNasmF1Egd3v3mpq747Hizxx4x.jpg,https://www.themoviedb.org/movie/101,TMDB,t,2026-02-23 07:02:29.752704,2026-02-23 07:02:29.752704
665,1,movie_tmdb_42269,,https://image.tmdb.org/t/p/w500/jsjfvG1971tCUPtvj1dNSPWNzST.jpg,https://www.themoviedb.org/movie/42269,TMDB,t,2026-02-23 07:02:29.755745,2026-02-23 07:02:29.755745
666,1,movie_tmdb_644479,,https://image.tmdb.org/t/p/w500/xc4bTXVwYNXi10jG9dwcaYt5IpU.jpg,https://www.themoviedb.org/movie/644479,TMDB,t,2026-02-23 07:02:29.75804,2026-02-23 07:02:29.75804
667,1,movie_tmdb_15804,,https://image.tmdb.org/t/p/w500/xdnex58HIT1bwLIjg4ry8OdOZGO.jpg,https://www.themoviedb.org/movie/15804,TMDB,t,2026-02-23 07:02:29.761226,2026-02-23 07:02:29.761226
668,1,movie_tmdb_914,,https://image.tmdb.org/t/p/w500/uw26mSTaA10hg2yuQfNaFLSeY3h.jpg,https://www.themoviedb.org/movie/914,TMDB,t,2026-02-23 07:02:29.763234,2026-02-23 07:02:29.763234
669,1,movie_tmdb_599,,https://image.tmdb.org/t/p/w500/zt8aQ6ksqK6p1AopC5zVTDS9pKT.jpg,https://www.themoviedb.org/movie/599,TMDB,t,2026-02-23 07:02:29.766715,2026-02-23 07:02:29.766715
670,1,movie_tmdb_3082,,https://image.tmdb.org/t/p/w500/51tKLNNKi8fKZq9DTcGpFAJ7IPc.jpg,https://www.themoviedb.org/movie/3082,TMDB,t,2026-02-23 07:02:29.769947,2026-02-23 07:02:29.769947
671,1,movie_tmdb_335,,https://image.tmdb.org/t/p/w500/3MPqF2iK6ZBoagnB5H1pjImHpHc.jpg,https://www.themoviedb.org/movie/335,TMDB,t,2026-02-23 07:02:29.772396,2026-02-23 07:02:29.772396
672,1,movie_tmdb_1585,,https://image.tmdb.org/t/p/w500/fhQfao7sFWlnV5JieOexCaGPTzS.jpg,https://www.themoviedb.org/movie/1585,TMDB,t,2026-02-23 07:02:29.775112,2026-02-23 07:02:29.775112
673,1,movie_tmdb_1139087,,https://image.tmdb.org/t/p/w500/qLOcYTVg5YXY7FwrGXUeYa2itaH.jpg,https://www.themoviedb.org/movie/1139087,TMDB,t,2026-02-23 07:02:29.777983,2026-02-23 07:02:29.777983
674,1,movie_tmdb_652837,,https://image.tmdb.org/t/p/w500/v60S8rPRCQRYSeCtmLiuRpQqIfC.jpg,https://www.themoviedb.org/movie/652837,TMDB,t,2026-02-23 07:02:29.780492,2026-02-23 07:02:29.780492
675,1,movie_tmdb_77338,,https://image.tmdb.org/t/p/w500/4oOf3pmDD5rMNQGgsf7zMbFKtKC.jpg,https://www.themoviedb.org/movie/77338,TMDB,t,2026-02-23 07:02:29.78296,2026-02-23 07:02:29.78296
676,1,movie_tmdb_28,,https://image.tmdb.org/t/p/w500/giP5yeJBrsqglkM05pbiTyRsoBa.jpg,https://www.themoviedb.org/movie/28,TMDB,t,2026-02-23 07:02:29.786213,2026-02-23 07:02:29.786213
677,1,movie_tmdb_18491,,https://image.tmdb.org/t/p/w500/rS97sHvlsUAp8F6tkC78YjRU8wl.jpg,https://www.themoviedb.org/movie/18491,TMDB,t,2026-02-23 07:02:29.789402,2026-02-23 07:02:29.789402
678,1,movie_tmdb_1356039,,https://image.tmdb.org/t/p/w500/6wHJ0hnFx5ZGTvSUTqq3WC07DgN.jpg,https://www.themoviedb.org/movie/1356039,TMDB,t,2026-02-23 07:02:29.793238,2026-02-23 07:02:29.793238
679,1,movie_tmdb_92321,,https://image.tmdb.org/t/p/w500/ijAOOOrcLViYPkXIauhRhCj2ySf.jpg,https://www.themoviedb.org/movie/92321,TMDB,t,2026-02-23 07:02:29.796331,2026-02-23 07:02:29.796331
680,1,movie_tmdb_975,,https://image.tmdb.org/t/p/w500/382xZKXOfuILUQ4HsqCGPLk8fgA.jpg,https://www.themoviedb.org/movie/975,TMDB,t,2026-02-23 07:02:29.798297,2026-02-23 07:02:29.798297
681,1,movie_tmdb_901,,https://image.tmdb.org/t/p/w500/7oI6KKZDxEuxhIm5m9VpOF2Yi9N.jpg,https://www.themoviedb.org/movie/901,TMDB,t,2026-02-23 07:02:29.800882,2026-02-23 07:02:29.800882
682,1,movie_tmdb_632632,,https://image.tmdb.org/t/p/w500/tVP1DjnljT1it6cAnn353cdVXDe.jpg,https://www.themoviedb.org/movie/632632,TMDB,t,2026-02-23 07:02:29.803483,2026-02-23 07:02:29.803483
683,1,movie_tmdb_572154,,https://image.tmdb.org/t/p/w500/hqNkm15rQI6049Pg3XPSE8PMW98.jpg,https://www.themoviedb.org/movie/572154,TMDB,t,2026-02-23 07:02:29.805828,2026-02-23 07:02:29.805828
684,1,movie_tmdb_8587,,https://image.tmdb.org/t/p/w500/9Y048zYw66TWvpUtsiNK0uReiVX.jpg,https://www.themoviedb.org/movie/8587,TMDB,t,2026-02-23 07:02:29.807727,2026-02-23 07:02:29.807727
685,1,movie_tmdb_29259,,https://image.tmdb.org/t/p/w500/e0jiNoXdEi2ilGRvhqcaoNCSglg.jpg,https://www.themoviedb.org/movie/29259,TMDB,t,2026-02-23 07:02:29.812505,2026-02-23 07:02:29.812505
686,1,movie_tmdb_637920,,https://image.tmdb.org/t/p/w500/sOfUbzu6OUL5cscGODPdpHn9C1g.jpg,https://www.themoviedb.org/movie/637920,TMDB,t,2026-02-23 07:02:29.814497,2026-02-23 07:02:29.814497
687,1,movie_tmdb_654299,,https://image.tmdb.org/t/p/w500/o9cSEHrXzPOO4OIoT9yrdxc216w.jpg,https://www.themoviedb.org/movie/654299,TMDB,t,2026-02-23 07:02:29.817803,2026-02-23 07:02:29.817803
688,1,movie_tmdb_10376,,https://image.tmdb.org/t/p/w500/78wbKjbdIG11hVIv55g6rwgLG3l.jpg,https://www.themoviedb.org/movie/10376,TMDB,t,2026-02-23 07:02:29.820331,2026-02-23 07:02:29.820331
689,1,movie_tmdb_630566,,https://image.tmdb.org/t/p/w500/2XyVG0QUnPrukgV5Frpn40kkIky.jpg,https://www.themoviedb.org/movie/630566,TMDB,t,2026-02-23 07:02:29.82229,2026-02-23 07:02:29.82229
691,1,movie_tmdb_568332,,https://image.tmdb.org/t/p/w500/u6oXUTtOuJRPdUgUuPAVVJPSKCo.jpg,https://www.themoviedb.org/movie/568332,TMDB,t,2026-02-23 07:02:29.830255,2026-02-23 07:02:29.830255
692,1,movie_tmdb_447362,,https://image.tmdb.org/t/p/w500/rJvw9aHDwaYVjnIZkKUbdsNJ7dB.jpg,https://www.themoviedb.org/movie/447362,TMDB,t,2026-02-23 07:02:29.832116,2026-02-23 07:02:29.832116
693,1,movie_tmdb_603,,https://image.tmdb.org/t/p/w500/fxBxoXFAYKWde6lKzXxSusn18Av.jpg,https://www.themoviedb.org/movie/603,TMDB,t,2026-02-23 07:02:29.834626,2026-02-23 07:02:29.834626
694,1,movie_tmdb_299534,,https://image.tmdb.org/t/p/w500/z7ilT5rNN9kDo8JZmgyhM6ej2xv.jpg,https://www.themoviedb.org/movie/299534,TMDB,t,2026-02-23 07:02:29.839419,2026-02-23 07:02:29.839419
695,1,movie_tmdb_504253,,https://image.tmdb.org/t/p/w500/g1ucSvfDnV3HEVt8x7YeZ0fAIs2.jpg,https://www.themoviedb.org/movie/504253,TMDB,t,2026-02-23 07:02:29.844136,2026-02-23 07:02:29.844136
696,1,movie_tmdb_1160164,,https://image.tmdb.org/t/p/w500/pm6cudRCaKofVRDQBTgl5kzejK1.jpg,https://www.themoviedb.org/movie/1160164,TMDB,t,2026-02-23 07:02:29.846176,2026-02-23 07:02:29.846176
697,1,movie_tmdb_508965,,https://image.tmdb.org/t/p/w500/AdcGUXl16jIgq7NZVpfNqhFyaRQ.jpg,https://www.themoviedb.org/movie/508965,TMDB,t,2026-02-23 07:02:29.849294,2026-02-23 07:02:29.849294
698,1,movie_tmdb_490132,,https://image.tmdb.org/t/p/w500/dyqQ12gZGwl5Y0R9UsLBDkZWOUA.jpg,https://www.themoviedb.org/movie/490132,TMDB,t,2026-02-23 07:02:29.854046,2026-02-23 07:02:29.854046
699,1,movie_tmdb_527641,,https://image.tmdb.org/t/p/w500/8bXlrAzTJKwedmUDKBhiaU7OkqW.jpg,https://www.themoviedb.org/movie/527641,TMDB,t,2026-02-23 07:02:29.8575,2026-02-23 07:02:29.8575
700,1,movie_tmdb_92060,,https://image.tmdb.org/t/p/w500/dYHGoPMkZMVuBA4EydmDQMo1EEv.jpg,https://www.themoviedb.org/movie/92060,TMDB,t,2026-02-23 07:02:29.859546,2026-02-23 07:02:29.859546
701,1,movie_tmdb_24188,,https://image.tmdb.org/t/p/w500/9vumJKydNxcFtcFNYPIvFeHXVBQ.jpg,https://www.themoviedb.org/movie/24188,TMDB,t,2026-02-23 07:02:29.863596,2026-02-23 07:02:29.863596
702,1,movie_tmdb_857,,https://image.tmdb.org/t/p/w500/9W0XUvNtoJMG6kI4F4Y2mbsS2kt.jpg,https://www.themoviedb.org/movie/857,TMDB,t,2026-02-23 07:02:29.866803,2026-02-23 07:02:29.866803
717,1,movie_tmdb_1267319,,https://image.tmdb.org/t/p/w500/gRPSu4sG5iVnWyLv9um7t3L0yhH.jpg,https://www.themoviedb.org/movie/1267319,TMDB,t,2026-02-23 07:02:29.907886,2026-02-23 07:02:29.907886
718,1,movie_tmdb_387848,,https://image.tmdb.org/t/p/w500/5JDVEZN0v3e9xMzZbZ92fC7HaQi.jpg,https://www.themoviedb.org/movie/387848,TMDB,t,2026-02-23 07:02:29.910581,2026-02-23 07:02:29.910581
719,1,movie_tmdb_479718,,https://image.tmdb.org/t/p/w500/sVwbHA4nhw389PwpDzkJam4WMoB.jpg,https://www.themoviedb.org/movie/479718,TMDB,t,2026-02-23 07:02:29.913274,2026-02-23 07:02:29.913274
720,1,movie_tmdb_1354700,,https://image.tmdb.org/t/p/w500/szBqzH2qcUthCm1uDVsBAYZbExW.jpg,https://www.themoviedb.org/movie/1354700,TMDB,t,2026-02-23 07:02:29.916097,2026-02-23 07:02:29.916097
721,1,movie_tmdb_1290182,,https://image.tmdb.org/t/p/w500/1aSRSDDHQX2egc1az05qQ5tz6zS.jpg,https://www.themoviedb.org/movie/1290182,TMDB,t,2026-02-23 07:02:29.918061,2026-02-23 07:02:29.918061
722,1,movie_tmdb_276126,,https://image.tmdb.org/t/p/w500/4cKnB9YbAKgM028qd5ok5hf9nrF.jpg,https://www.themoviedb.org/movie/276126,TMDB,t,2026-02-23 07:02:29.920408,2026-02-23 07:02:29.920408
723,1,movie_tmdb_852370,,https://image.tmdb.org/t/p/w500/4CVYNzGwTMgOKxycg2LQO9slwfH.jpg,https://www.themoviedb.org/movie/852370,TMDB,t,2026-02-23 07:02:29.922575,2026-02-23 07:02:29.922575
724,1,movie_tmdb_851644,,https://image.tmdb.org/t/p/w500/rSNtRQpCsDckczokmynAcVAt4Fm.jpg,https://www.themoviedb.org/movie/851644,TMDB,t,2026-02-23 07:02:29.924302,2026-02-23 07:02:29.924302
726,1,movie_tmdb_1194963,,https://image.tmdb.org/t/p/w500/tPOcNetZHfmn97V93TikhWDXj4T.jpg,https://www.themoviedb.org/movie/1194963,TMDB,t,2026-02-23 07:02:29.928185,2026-02-23 07:02:29.928185
727,1,movie_tmdb_49797,,https://image.tmdb.org/t/p/w500/xAhsrqrsMIO7YwKbLAlWatzFbgX.jpg,https://www.themoviedb.org/movie/49797,TMDB,t,2026-02-23 07:02:29.93064,2026-02-23 07:02:29.93064
728,1,movie_tmdb_338803,,https://image.tmdb.org/t/p/w500/wjHi19IHTq6VmOtSENnLbkhUiMk.jpg,https://www.themoviedb.org/movie/338803,TMDB,t,2026-02-23 07:02:29.935119,2026-02-23 07:02:29.935119
729,1,movie_tmdb_615173,,https://image.tmdb.org/t/p/w500/cah6iIYQBctvCmBjsKGb1NCiygr.jpg,https://www.themoviedb.org/movie/615173,TMDB,t,2026-02-23 07:02:29.936984,2026-02-23 07:02:29.936984
730,1,movie_tmdb_581528,,https://image.tmdb.org/t/p/w500/az4OVqXbFVaHoZlktcm7oCm0LZo.jpg,https://www.themoviedb.org/movie/581528,TMDB,t,2026-02-23 07:02:29.939502,2026-02-23 07:02:29.939502
731,1,movie_tmdb_530254,,https://image.tmdb.org/t/p/w500/abWjmAyjSWqNo6C5ty3UZTZIYDz.jpg,https://www.themoviedb.org/movie/530254,TMDB,t,2026-02-23 07:02:29.941684,2026-02-23 07:02:29.941684
732,1,movie_tmdb_1017163,,https://image.tmdb.org/t/p/w500/jucHQwnRSma1O9V2bM007e4eSd7.jpg,https://www.themoviedb.org/movie/1017163,TMDB,t,2026-02-23 07:02:29.944206,2026-02-23 07:02:29.944206
733,1,movie_tmdb_1147266,,https://image.tmdb.org/t/p/w500/asdw71nkWcyvwfuPlpgohavTuXL.jpg,https://www.themoviedb.org/movie/1147266,TMDB,t,2026-02-23 07:02:29.947069,2026-02-23 07:02:29.947069
734,1,movie_tmdb_158445,,https://image.tmdb.org/t/p/w500/c9TqJPm4pZCuiEXumTayoNIrBSK.jpg,https://www.themoviedb.org/movie/158445,TMDB,t,2026-02-23 07:02:29.949281,2026-02-23 07:02:29.949281
735,1,movie_tmdb_838209,,https://image.tmdb.org/t/p/w500/tw0i3kkmOTjDjGFZTLHKhoeXVvA.jpg,https://www.themoviedb.org/movie/838209,TMDB,t,2026-02-23 07:02:29.952376,2026-02-23 07:02:29.952376
736,1,movie_tmdb_11423,,https://image.tmdb.org/t/p/w500/3I1Ng4sxDUyPOdVu3lQ20N14PGE.jpg,https://www.themoviedb.org/movie/11423,TMDB,t,2026-02-23 07:02:29.955341,2026-02-23 07:02:29.955341
737,1,movie_tmdb_481871,,https://image.tmdb.org/t/p/w500/oIoJrYsyg34fe66BWndCit1ekUD.jpg,https://www.themoviedb.org/movie/481871,TMDB,t,2026-02-23 07:02:29.957968,2026-02-23 07:02:29.957968
738,1,movie_tmdb_897160,,https://image.tmdb.org/t/p/w500/oVJDtwC41sGx5zmWiEkhqwBlopD.jpg,https://www.themoviedb.org/movie/897160,TMDB,t,2026-02-23 07:02:29.960663,2026-02-23 07:02:29.960663
739,1,movie_tmdb_698438,,https://image.tmdb.org/t/p/w500/3ArCpGHdnVqBjhkdRcQHSBYH1yA.jpg,https://www.themoviedb.org/movie/698438,TMDB,t,2026-02-23 07:02:29.962561,2026-02-23 07:02:29.962561
740,1,movie_tmdb_286687,,https://image.tmdb.org/t/p/w500/1bMvC9fOTQSfwIGwXBJNcy2cV9N.jpg,https://www.themoviedb.org/movie/286687,TMDB,t,2026-02-23 07:02:29.96591,2026-02-23 07:02:29.96591
741,1,movie_tmdb_399905,,https://image.tmdb.org/t/p/w500/2xUNRZwprvVwfx12WR1rRXoohSi.jpg,https://www.themoviedb.org/movie/399905,TMDB,t,2026-02-23 07:02:29.971677,2026-02-23 07:02:29.971677
742,1,movie_tmdb_724106,,https://image.tmdb.org/t/p/w500/btpk0Y0m9MjvMCfgrW0i0d7fpd1.jpg,https://www.themoviedb.org/movie/724106,TMDB,t,2026-02-23 07:02:29.974889,2026-02-23 07:02:29.974889
743,1,movie_tmdb_508642,,https://image.tmdb.org/t/p/w500/llj8dIkLSHOG1X7aFXims2IaCU5.jpg,https://www.themoviedb.org/movie/508642,TMDB,t,2026-02-23 07:02:29.976755,2026-02-23 07:02:29.976755
744,1,movie_tmdb_705996,,https://image.tmdb.org/t/p/w500/rXEJ28XDQsogIGqwVEgwM2oDdpl.jpg,https://www.themoviedb.org/movie/705996,TMDB,t,2026-02-23 07:02:29.981842,2026-02-23 07:02:29.981842
745,1,movie_tmdb_936245,,https://image.tmdb.org/t/p/w500/rkuzlpvaAQIbamiRvEFPqzv4zVk.jpg,https://www.themoviedb.org/movie/936245,TMDB,t,2026-02-23 07:02:29.987012,2026-02-23 07:02:29.987012
746,1,movie_tmdb_412092,,https://image.tmdb.org/t/p/w500/mLlke4cd9R65FYqtMVUZ3h3Z2z9.jpg,https://www.themoviedb.org/movie/412092,TMDB,t,2026-02-23 07:02:29.989202,2026-02-23 07:02:29.989202
747,1,movie_tmdb_51608,,https://image.tmdb.org/t/p/w500/xmD04pnMIO0FUe0FJc8rHjfi6vY.jpg,https://www.themoviedb.org/movie/51608,TMDB,t,2026-02-23 07:02:29.991752,2026-02-23 07:02:29.991752
749,1,movie_tmdb_614696,,https://image.tmdb.org/t/p/w500/zb06eXz3Pg5JzytPnMFb3cIDV7B.jpg,https://www.themoviedb.org/movie/614696,TMDB,t,2026-02-23 07:02:29.997341,2026-02-23 07:02:29.997341
750,1,movie_tmdb_405817,,https://image.tmdb.org/t/p/w500/rtl0y6akc7dLAR190e0XeyPY8zg.jpg,https://www.themoviedb.org/movie/405817,TMDB,t,2026-02-23 07:02:30.000473,2026-02-23 07:02:30.000473
751,1,movie_tmdb_122126,,https://image.tmdb.org/t/p/w500/tkkUBkGMnoaxwzClDMFZ0HKlXG8.jpg,https://www.themoviedb.org/movie/122126,TMDB,t,2026-02-23 07:02:30.003627,2026-02-23 07:02:30.003627
752,1,movie_tmdb_165213,,https://image.tmdb.org/t/p/w500/yiDQaLGF6hXVdiKodfdurUcgxWV.jpg,https://www.themoviedb.org/movie/165213,TMDB,t,2026-02-23 07:02:30.006175,2026-02-23 07:02:30.006175
753,1,movie_tmdb_1147710,,https://image.tmdb.org/t/p/w500/pLEenJ0I1XqySVezRdETf2n2w7H.jpg,https://www.themoviedb.org/movie/1147710,TMDB,t,2026-02-23 07:02:30.008908,2026-02-23 07:02:30.008908
754,1,movie_tmdb_724109,,https://image.tmdb.org/t/p/w500/ZAhAOX5RsstfrbLtkSjiUZGgw2.jpg,https://www.themoviedb.org/movie/724109,TMDB,t,2026-02-23 07:02:30.011514,2026-02-23 07:02:30.011514
755,1,movie_tmdb_50727,,https://image.tmdb.org/t/p/w500/QsXaA6s0TTM8TP28Jx4QXgaY1I.jpg,https://www.themoviedb.org/movie/50727,TMDB,t,2026-02-23 07:02:30.0155,2026-02-23 07:02:30.0155
756,1,movie_tmdb_601796,,https://image.tmdb.org/t/p/w500/ynyN9hdxL5vq7GnSX8Fdz3TfoTE.jpg,https://www.themoviedb.org/movie/601796,TMDB,t,2026-02-23 07:02:30.018075,2026-02-23 07:02:30.018075
757,1,movie_tmdb_619803,,https://image.tmdb.org/t/p/w500/9XkAF2pl2uliiuAORaWTgPmr6zG.jpg,https://www.themoviedb.org/movie/619803,TMDB,t,2026-02-23 07:02:30.021809,2026-02-23 07:02:30.021809
758,1,movie_tmdb_372921,,https://image.tmdb.org/t/p/w500/k8dsPTp1Ga67c0Ie00qyR3vcPG3.jpg,https://www.themoviedb.org/movie/372921,TMDB,t,2026-02-23 07:02:30.024713,2026-02-23 07:02:30.024713
759,1,movie_tmdb_390433,,https://image.tmdb.org/t/p/w500/9pfo2HYE2TtoJqnfSNJrelp74uT.jpg,https://www.themoviedb.org/movie/390433,TMDB,t,2026-02-23 07:02:30.029218,2026-02-23 07:02:30.029218
760,1,movie_tmdb_419116,,https://image.tmdb.org/t/p/w500/hktmN8qVDyzp3I9f7veWfF6l45c.jpg,https://www.themoviedb.org/movie/419116,TMDB,t,2026-02-23 07:02:30.031379,2026-02-23 07:02:30.031379
761,1,movie_tmdb_1255,,https://image.tmdb.org/t/p/w500/tqDQzYGi1EWHgUZY91YRSJLDJVf.jpg,https://www.themoviedb.org/movie/1255,TMDB,t,2026-02-23 07:02:30.033457,2026-02-23 07:02:30.033457
762,1,movie_tmdb_395000,,https://image.tmdb.org/t/p/w500/UsQC34yh6U7oAUdRn2nMDNXbwf.jpg,https://www.themoviedb.org/movie/395000,TMDB,t,2026-02-23 07:02:30.036505,2026-02-23 07:02:30.036505
763,1,movie_tmdb_218746,,https://image.tmdb.org/t/p/w500/x73C5Hi8FuxCWdmY67evoV9V7xi.jpg,https://www.themoviedb.org/movie/218746,TMDB,t,2026-02-23 07:02:30.038635,2026-02-23 07:02:30.038635
764,1,movie_tmdb_741689,,https://image.tmdb.org/t/p/w500/vdUCeKeUp8ERCNbwSUzKx4UZR7x.jpg,https://www.themoviedb.org/movie/741689,TMDB,t,2026-02-23 07:02:30.041393,2026-02-23 07:02:30.041393
765,1,movie_tmdb_2440,,https://image.tmdb.org/t/p/w500/6pZw6KFwrADsS4HYfJe8AHMwpQh.jpg,https://www.themoviedb.org/movie/2440,TMDB,t,2026-02-23 07:02:30.043827,2026-02-23 07:02:30.043827
766,1,movie_tmdb_1174128,,https://image.tmdb.org/t/p/w500/mkQE7ZOhBMoVhDFbwLiJ43T5GzX.jpg,https://www.themoviedb.org/movie/1174128,TMDB,t,2026-02-23 07:02:30.047247,2026-02-23 07:02:30.047247
767,1,movie_tmdb_171587,,https://image.tmdb.org/t/p/w500/iroszHPRH5Usrd4t2gypPo6NRGp.jpg,https://www.themoviedb.org/movie/171587,TMDB,t,2026-02-23 07:02:30.049642,2026-02-23 07:02:30.049642
768,1,movie_tmdb_17903,,https://image.tmdb.org/t/p/w500/vu9PrY7MEmDInys0w92cYCDI8XJ.jpg,https://www.themoviedb.org/movie/17903,TMDB,t,2026-02-23 07:02:30.053081,2026-02-23 07:02:30.053081
769,1,movie_tmdb_293670,,https://image.tmdb.org/t/p/w500/k9AKtgRErXjz14lFHL2IJVCgwOT.jpg,https://www.themoviedb.org/movie/293670,TMDB,t,2026-02-23 07:02:30.055583,2026-02-23 07:02:30.055583
770,1,movie_tmdb_16318,,https://image.tmdb.org/t/p/w500/eRCd4nqD3i4tAzIVeyd1zTNiRPD.jpg,https://www.themoviedb.org/movie/16318,TMDB,t,2026-02-23 07:02:30.058722,2026-02-23 07:02:30.058722
771,1,movie_tmdb_491584,,https://image.tmdb.org/t/p/w500/AlKlezuaJkP2lDEWbJxYv47GeDf.jpg,https://www.themoviedb.org/movie/491584,TMDB,t,2026-02-23 07:02:30.062167,2026-02-23 07:02:30.062167
772,1,movie_tmdb_873797,,https://image.tmdb.org/t/p/w500/wjh29GaJPKF1J0nLdpXuExncQ8U.jpg,https://www.themoviedb.org/movie/873797,TMDB,t,2026-02-23 07:02:30.064991,2026-02-23 07:02:30.064991
773,1,movie_tmdb_390845,,https://image.tmdb.org/t/p/w500/kw7QEMiIFW7EjZQSRO9ebKls21k.jpg,https://www.themoviedb.org/movie/390845,TMDB,t,2026-02-23 07:02:30.067641,2026-02-23 07:02:30.067641
774,1,movie_tmdb_549590,,https://image.tmdb.org/t/p/w500/fL5OHCA7jXhvq4MOJAdVpJJzBF4.jpg,https://www.themoviedb.org/movie/549590,TMDB,t,2026-02-23 07:02:30.071208,2026-02-23 07:02:30.071208
775,1,movie_tmdb_799379,,https://image.tmdb.org/t/p/w500/op2y1gvqKhAh4yAPLwc4PlX3XRv.jpg,https://www.themoviedb.org/movie/799379,TMDB,t,2026-02-23 07:02:30.073602,2026-02-23 07:02:30.073602
776,1,movie_tmdb_437068,,https://image.tmdb.org/t/p/w500/pCdx7X5JLaSJZLNVtpryGSdjvvB.jpg,https://www.themoviedb.org/movie/437068,TMDB,t,2026-02-23 07:02:30.076131,2026-02-23 07:02:30.076131
784,1,movie_tmdb_34530,,https://image.tmdb.org/t/p/w500/j6UHXXfCU6QSQB9cZ9faEoou5Ad.jpg,https://www.themoviedb.org/movie/34530,TMDB,t,2026-02-23 07:02:30.107882,2026-02-23 07:02:30.107882
792,1,movie_tmdb_1087771,,https://image.tmdb.org/t/p/w500/brpncE7IUmXFhZ6kELmyChvHKel.jpg,https://www.themoviedb.org/movie/1087771,TMDB,t,2026-02-23 07:02:30.12881,2026-02-23 07:02:30.12881
793,1,movie_tmdb_284,,https://image.tmdb.org/t/p/w500/TIwJe8jQ4uhExbxesjxQzNxqY3.jpg,https://www.themoviedb.org/movie/284,TMDB,t,2026-02-23 07:02:30.13139,2026-02-23 07:02:30.13139
794,1,movie_tmdb_522924,,https://image.tmdb.org/t/p/w500/rFKqqy4YIXq1hasaCEqk5p4Lywh.jpg,https://www.themoviedb.org/movie/522924,TMDB,t,2026-02-23 07:02:30.134865,2026-02-23 07:02:30.134865
795,1,movie_tmdb_499028,,https://image.tmdb.org/t/p/w500/t37dPqCCV7IgKaGm5nqmmHmLJ1L.jpg,https://www.themoviedb.org/movie/499028,TMDB,t,2026-02-23 07:02:30.138175,2026-02-23 07:02:30.138175
796,1,movie_tmdb_426,,https://image.tmdb.org/t/p/w500/fqePCJXuCAAmUnG935fLFgk9H6L.jpg,https://www.themoviedb.org/movie/426,TMDB,t,2026-02-23 07:02:30.140969,2026-02-23 07:02:30.140969
797,1,movie_tmdb_289,,https://image.tmdb.org/t/p/w500/2y4FgbomoL5Aa9EGM3dqDEvvDdT.jpg,https://www.themoviedb.org/movie/289,TMDB,t,2026-02-23 07:02:30.144058,2026-02-23 07:02:30.144058
805,1,movie_tmdb_667276,,https://image.tmdb.org/t/p/w500/fR49hZdFJ6ZtRS23JW79VYmZgI7.jpg,https://www.themoviedb.org/movie/667276,TMDB,t,2026-02-23 07:02:30.165415,2026-02-23 07:02:30.165415
806,1,movie_tmdb_315162,,https://image.tmdb.org/t/p/w500/rKgvctIuPXyuqOzCQ16VGdnHxKx.jpg,https://www.themoviedb.org/movie/315162,TMDB,t,2026-02-23 07:02:30.168284,2026-02-23 07:02:30.168284
807,1,movie_tmdb_161803,,https://image.tmdb.org/t/p/w500/84GjqdUXHFDc8VQLcL1vBRsRmbK.jpg,https://www.themoviedb.org/movie/161803,TMDB,t,2026-02-23 07:02:30.171676,2026-02-23 07:02:30.171676
808,1,movie_tmdb_30325,,https://image.tmdb.org/t/p/w500/3mdmuXkzFciadj9Amy9ejamcDwp.jpg,https://www.themoviedb.org/movie/30325,TMDB,t,2026-02-23 07:02:30.173732,2026-02-23 07:02:30.173732
809,1,movie_tmdb_620683,,https://image.tmdb.org/t/p/w500/zw77BFPGJ73Lig8GwRzYj1XHq53.jpg,https://www.themoviedb.org/movie/620683,TMDB,t,2026-02-23 07:02:30.176478,2026-02-23 07:02:30.176478
810,1,movie_tmdb_532753,,https://image.tmdb.org/t/p/w500/b3I1eHGn3Lr9YRg4H7Rc6kgadWJ.jpg,https://www.themoviedb.org/movie/532753,TMDB,t,2026-02-23 07:02:30.178668,2026-02-23 07:02:30.178668
814,1,movie_tmdb_72720,,https://image.tmdb.org/t/p/w500/i0k5Biew92QcBgrAW3ho8nXzsbI.jpg,https://www.themoviedb.org/movie/72720,TMDB,t,2026-02-23 07:02:30.18938,2026-02-23 07:02:30.18938
815,1,movie_tmdb_110420,,https://image.tmdb.org/t/p/w500/2mF1IKMeB9JGstJqismy5AoamrV.jpg,https://www.themoviedb.org/movie/110420,TMDB,t,2026-02-23 07:02:30.192108,2026-02-23 07:02:30.192108
816,1,movie_tmdb_995133,,https://image.tmdb.org/t/p/w500/uVc19KKsZ522uvVwqKbWA752gsK.jpg,https://www.themoviedb.org/movie/995133,TMDB,t,2026-02-23 07:02:30.196011,2026-02-23 07:02:30.196011
817,1,movie_tmdb_618344,,https://image.tmdb.org/t/p/w500/c01Y4suApJ1Wic2xLmaq1QYcfoZ.jpg,https://www.themoviedb.org/movie/618344,TMDB,t,2026-02-23 07:02:30.199178,2026-02-23 07:02:30.199178
818,1,movie_tmdb_635302,,https://image.tmdb.org/t/p/w500/8VhwCJ9gqfGor5uk2sqt9ZqeacN.jpg,https://www.themoviedb.org/movie/635302,TMDB,t,2026-02-23 07:02:30.201976,2026-02-23 07:02:30.201976
819,1,movie_tmdb_354912,,https://image.tmdb.org/t/p/w500/pQu93NuwR90AaCULzglVD5Ge4Ml.jpg,https://www.themoviedb.org/movie/354912,TMDB,t,2026-02-23 07:02:30.208722,2026-02-23 07:02:30.208722
906,4,coffee_special_reserve_hawaii_kona,Nespresso,,https://www.nespresso.com/kr/ko/order/capsules/special_reserve_hawaii_kona,NESPRESSO,t,2026-02-23 10:39:14.678999,2026-02-23 10:39:14.678999
907,4,coffee_caffe_florian,Nespresso,,https://www.nespresso.com/kr/ko/order/capsules/caffe_florian,NESPRESSO,t,2026-02-23 10:39:14.714049,2026-02-23 10:39:14.714049
908,4,coffee_samra_origin_tanzania,Nespresso,,https://www.nespresso.com/kr/ko/order/capsules/samra_origin_tanzania,NESPRESSO,t,2026-02-23 10:39:14.717212,2026-02-23 10:39:14.717212
909,4,coffee_festive_almond_hibiscus,Nespresso,,https://www.nespresso.com/kr/ko/order/capsules/festive_almond_hibiscus,NESPRESSO,t,2026-02-23 10:39:14.721324,2026-02-23 10:39:14.721324
910,4,coffee_freddo_delicato,Nespresso,,https://www.nespresso.com/kr/ko/order/capsules/freddo_delicato,NESPRESSO,t,2026-02-23 10:39:14.725418,2026-02-23 10:39:14.725418
911,4,coffee_freddo_intenso,Nespresso,,https://www.nespresso.com/kr/ko/order/capsules/freddo_intenso,NESPRESSO,t,2026-02-23 10:39:14.728036,2026-02-23 10:39:14.728036
912,4,coffee_volluto,Nespresso,,https://www.nespresso.com/kr/ko/order/capsules/volluto,NESPRESSO,t,2026-02-23 10:39:14.730304,2026-02-23 10:39:14.730304
913,4,coffee_colombia,Nespresso,,https://www.nespresso.com/kr/ko/order/capsules/colombia,NESPRESSO,t,2026-02-23 10:39:14.73449,2026-02-23 10:39:14.73449
914,4,coffee_livanto,Nespresso,,https://www.nespresso.com/kr/ko/order/capsules/livanto,NESPRESSO,t,2026-02-23 10:39:14.740731,2026-02-23 10:39:14.740731
915,4,coffee_venezia,Nespresso,,https://www.nespresso.com/kr/ko/order/capsules/venezia,NESPRESSO,t,2026-02-23 10:39:14.745733,2026-02-23 10:39:14.745733
916,4,coffee_ristretto,Nespresso,,https://www.nespresso.com/kr/ko/order/capsules/ristretto,NESPRESSO,t,2026-02-23 10:39:14.748336,2026-02-23 10:39:14.748336
917,4,coffee_arpeggio,Nespresso,,https://www.nespresso.com/kr/ko/order/capsules/arpeggio,NESPRESSO,t,2026-02-23 10:39:14.753797,2026-02-23 10:39:14.753797
918,4,coffee_arpeggio_extra,Nespresso,,https://www.nespresso.com/kr/ko/order/capsules/arpeggio_extra,NESPRESSO,t,2026-02-23 10:39:14.756221,2026-02-23 10:39:14.756221
919,4,coffee_arpeggio_decaffeinato,Nespresso,,https://www.nespresso.com/kr/ko/order/capsules/arpeggio_decaffeinato,NESPRESSO,t,2026-02-23 10:39:14.759483,2026-02-23 10:39:14.759483
920,4,coffee_ristretto_decaffeinato,Nespresso,,https://www.nespresso.com/kr/ko/order/capsules/ristretto_decaffeinato,NESPRESSO,t,2026-02-23 10:39:14.763363,2026-02-23 10:39:14.763363
921,4,coffee_napoli,Nespresso,,https://www.nespresso.com/kr/ko/order/capsules/napoli,NESPRESSO,t,2026-02-23 10:39:14.765227,2026-02-23 10:39:14.765227
922,4,coffee_kazaar,Nespresso,,https://www.nespresso.com/kr/ko/order/capsules/kazaar,NESPRESSO,t,2026-02-23 10:39:14.768762,2026-02-23 10:39:14.768762
923,4,coffee_roma,Nespresso,,https://www.nespresso.com/kr/ko/order/capsules/roma,NESPRESSO,t,2026-02-23 10:39:14.770797,2026-02-23 10:39:14.770797
924,4,coffee_corto,Nespresso,,https://www.nespresso.com/kr/ko/order/capsules/corto,NESPRESSO,t,2026-02-23 10:39:14.77253,2026-02-23 10:39:14.77253
925,4,coffee_scuro,Nespresso,,https://www.nespresso.com/kr/ko/order/capsules/scuro,NESPRESSO,t,2026-02-23 10:39:14.775719,2026-02-23 10:39:14.775719
926,4,coffee_chiaro,Nespresso,,https://www.nespresso.com/kr/ko/order/capsules/chiaro,NESPRESSO,t,2026-02-23 10:39:14.777755,2026-02-23 10:39:14.777755
927,4,coffee_vanilla_flavored,Nespresso,,https://www.nespresso.com/kr/ko/order/capsules/vanilla_flavored,NESPRESSO,t,2026-02-23 10:39:14.781515,2026-02-23 10:39:14.781515
928,4,coffee_caramel_creme,Nespresso,,https://www.nespresso.com/kr/ko/order/capsules/caramel_creme,NESPRESSO,t,2026-02-23 10:39:14.783452,2026-02-23 10:39:14.783452
929,4,coffee_chocolate_fudge,Nespresso,,https://www.nespresso.com/kr/ko/order/capsules/chocolate_fudge,NESPRESSO,t,2026-02-23 10:39:14.785432,2026-02-23 10:39:14.785432
930,4,coffee_hazelnut,Nespresso,,https://www.nespresso.com/kr/ko/order/capsules/hazelnut,NESPRESSO,t,2026-02-23 10:39:14.787181,2026-02-23 10:39:14.787181
931,4,coffee_vanilla_decaffeinato,Nespresso,,https://www.nespresso.com/kr/ko/order/capsules/vanilla_decaffeinato,NESPRESSO,t,2026-02-23 10:39:14.789011,2026-02-23 10:39:14.789011
932,4,coffee_vienna_lungo_decaffeinato,Nespresso,,https://www.nespresso.com/kr/ko/order/capsules/vienna_lungo_decaffeinato,NESPRESSO,t,2026-02-23 10:39:14.792337,2026-02-23 10:39:14.792337
933,4,coffee_volluto_decaffeinato,Nespresso,,https://www.nespresso.com/kr/ko/order/capsules/volluto_decaffeinato,NESPRESSO,t,2026-02-23 10:39:14.79436,2026-02-23 10:39:14.79436
934,4,coffee_paris,Nespresso,,https://www.nespresso.com/kr/ko/order/capsules/paris,NESPRESSO,t,2026-02-23 10:39:14.796104,2026-02-23 10:39:14.796104
935,4,coffee_istanbul,Nespresso,,https://www.nespresso.com/kr/ko/order/capsules/istanbul,NESPRESSO,t,2026-02-23 10:39:14.79794,2026-02-23 10:39:14.79794
936,4,coffee_tokyo_lungo,Nespresso,,https://www.nespresso.com/kr/ko/order/capsules/tokyo_lungo,NESPRESSO,t,2026-02-23 10:39:14.802243,2026-02-23 10:39:14.802243
937,4,coffee_shanghai_lungo,Nespresso,,https://www.nespresso.com/kr/ko/order/capsules/shanghai_lungo,NESPRESSO,t,2026-02-23 10:39:14.804033,2026-02-23 10:39:14.804033
938,4,coffee_cape_town_lungo,Nespresso,,https://www.nespresso.com/kr/ko/order/capsules/cape_town_lungo,NESPRESSO,t,2026-02-23 10:39:14.808255,2026-02-23 10:39:14.808255
939,4,coffee_stockholm_lungo,Nespresso,,https://www.nespresso.com/kr/ko/order/capsules/stockholm_lungo,NESPRESSO,t,2026-02-23 10:39:14.814056,2026-02-23 10:39:14.814056
940,4,coffee_vienna_lungo,Nespresso,,https://www.nespresso.com/kr/ko/order/capsules/vienna_lungo,NESPRESSO,t,2026-02-23 10:39:14.818291,2026-02-23 10:39:14.818291
941,4,coffee_buenos_aires_lungo,Nespresso,,https://www.nespresso.com/kr/ko/order/capsules/buenos_aires_lungo,NESPRESSO,t,2026-02-23 10:39:14.821034,2026-02-23 10:39:14.821034
942,4,coffee_capriccio,Nespresso,,https://www.nespresso.com/kr/ko/order/capsules/capriccio,NESPRESSO,t,2026-02-23 10:39:14.823635,2026-02-23 10:39:14.823635
943,4,coffee_cosi,Nespresso,,https://www.nespresso.com/kr/ko/order/capsules/cosi,NESPRESSO,t,2026-02-23 10:39:14.828484,2026-02-23 10:39:14.828484
944,4,coffee_india,Nespresso,,https://www.nespresso.com/kr/ko/order/capsules/india,NESPRESSO,t,2026-02-23 10:39:14.830896,2026-02-23 10:39:14.830896
945,4,coffee_indonesia,Nespresso,,https://www.nespresso.com/kr/ko/order/capsules/indonesia,NESPRESSO,t,2026-02-23 10:39:14.834225,2026-02-23 10:39:14.834225
946,4,coffee_nicaragua,Nespresso,,https://www.nespresso.com/kr/ko/order/capsules/nicaragua,NESPRESSO,t,2026-02-23 10:39:14.836799,2026-02-23 10:39:14.836799
947,4,coffee_ethiopia,Nespresso,,https://www.nespresso.com/kr/ko/order/capsules/ethiopia,NESPRESSO,t,2026-02-23 10:39:14.839214,2026-02-23 10:39:14.839214
948,4,coffee_ristretto_classico_vertuo,Nespresso,,https://www.nespresso.com/kr/ko/order/capsules/ristretto_classico_vertuo,NESPRESSO,t,2026-02-23 10:39:14.846389,2026-02-23 10:39:14.846389
949,4,coffee_fortado_decaffeinato_vertuo,Nespresso,,https://www.nespresso.com/kr/ko/order/capsules/fortado_decaffeinato_vertuo,NESPRESSO,t,2026-02-23 10:39:14.848169,2026-02-23 10:39:14.848169
950,4,coffee_costa_rica_vertuo,Nespresso,,https://www.nespresso.com/kr/ko/order/capsules/costa_rica_vertuo,NESPRESSO,t,2026-02-23 10:39:14.850321,2026-02-23 10:39:14.850321
951,4,coffee_ethiopia_vertuo,Nespresso,,https://www.nespresso.com/kr/ko/order/capsules/ethiopia_vertuo,NESPRESSO,t,2026-02-23 10:39:14.852566,2026-02-23 10:39:14.852566
952,4,coffee_fortado_vertuo,Nespresso,,https://www.nespresso.com/kr/ko/order/capsules/fortado_vertuo,NESPRESSO,t,2026-02-23 10:39:14.854281,2026-02-23 10:39:14.854281
953,4,coffee_arondio_vertuo,Nespresso,,https://www.nespresso.com/kr/ko/order/capsules/arondio_vertuo,NESPRESSO,t,2026-02-23 10:39:14.856075,2026-02-23 10:39:14.856075
954,4,coffee_inizio_vertuo,Nespresso,,https://www.nespresso.com/kr/ko/order/capsules/inizio_vertuo,NESPRESSO,t,2026-02-23 10:39:14.859771,2026-02-23 10:39:14.859771
955,4,coffee_altissio_decaffeinato_vertuo,Nespresso,,https://www.nespresso.com/kr/ko/order/capsules/altissio_decaffeinato_vertuo,NESPRESSO,t,2026-02-23 10:39:14.861696,2026-02-23 10:39:14.861696
956,4,coffee_diavolitto_vertuo,Nespresso,,https://www.nespresso.com/kr/ko/order/capsules/diavolitto_vertuo,NESPRESSO,t,2026-02-23 10:39:14.863287,2026-02-23 10:39:14.863287
957,4,coffee_il_caffe_vertuo,Nespresso,,https://www.nespresso.com/kr/ko/order/capsules/il_caffe_vertuo,NESPRESSO,t,2026-02-23 10:39:14.8654,2026-02-23 10:39:14.8654
958,4,coffee_altissio_vertuo,Nespresso,,https://www.nespresso.com/kr/ko/order/capsules/altissio_vertuo,NESPRESSO,t,2026-02-23 10:39:14.867452,2026-02-23 10:39:14.867452
959,4,coffee_orafio_vertuo,Nespresso,,https://www.nespresso.com/kr/ko/order/capsules/orafio_vertuo,NESPRESSO,t,2026-02-23 10:39:14.869195,2026-02-23 10:39:14.869195
960,4,coffee_voltesso_vertuo,Nespresso,,https://www.nespresso.com/kr/ko/order/capsules/voltesso_vertuo,NESPRESSO,t,2026-02-23 10:39:14.871638,2026-02-23 10:39:14.871638
961,4,coffee_bianco_piccolo_for_milk_vertuo,Nespresso,,https://www.nespresso.com/kr/ko/order/capsules/bianco_piccolo_for_milk_vertuo,NESPRESSO,t,2026-02-23 10:39:14.87336,2026-02-23 10:39:14.87336
962,4,coffee_double_espresso_chiaro_decaffeinato_vertuo,Nespresso,,https://www.nespresso.com/kr/ko/order/capsules/double_espresso_chiaro_decaffeinato_vertuo,NESPRESSO,t,2026-02-23 10:39:14.875494,2026-02-23 10:39:14.875494
963,4,coffee_active_vertuo,Nespresso,,https://www.nespresso.com/kr/ko/order/capsules/active_vertuo,NESPRESSO,t,2026-02-23 10:39:14.877445,2026-02-23 10:39:14.877445
964,4,coffee_ginseng_delight_vertuo,Nespresso,,https://www.nespresso.com/kr/ko/order/capsules/ginseng_delight_vertuo,NESPRESSO,t,2026-02-23 10:39:14.879137,2026-02-23 10:39:14.879137
965,4,coffee_double_espresso_dolce_vertuo,Nespresso,,https://www.nespresso.com/kr/ko/order/capsules/double_espresso_dolce_vertuo,NESPRESSO,t,2026-02-23 10:39:14.884057,2026-02-23 10:39:14.884057
966,4,coffee_double_espresso_chiaro,Nespresso,,https://www.nespresso.com/kr/ko/order/capsules/double_espresso_chiaro,NESPRESSO,t,2026-02-23 10:39:14.885908,2026-02-23 10:39:14.885908
967,4,coffee_double_espresso_dolce,Nespresso,,https://www.nespresso.com/kr/ko/order/capsules/double_espresso_dolce,NESPRESSO,t,2026-02-23 10:39:14.887572,2026-02-23 10:39:14.887572
968,4,coffee_double_espresso_scuro,Nespresso,,https://www.nespresso.com/kr/ko/order/capsules/double_espresso_scuro,NESPRESSO,t,2026-02-23 10:39:14.891007,2026-02-23 10:39:14.891007
969,4,coffee_bianco_doppio_for_milk,Nespresso,,https://www.nespresso.com/kr/ko/order/capsules/bianco_doppio_for_milk,NESPRESSO,t,2026-02-23 10:39:14.893555,2026-02-23 10:39:14.893555
970,4,coffee_ice_leggero,Nespresso,,https://www.nespresso.com/kr/ko/order/capsules/ice_leggero,NESPRESSO,t,2026-02-23 10:39:14.895657,2026-02-23 10:39:14.895657
971,4,coffee_melozio_go,Nespresso,,https://www.nespresso.com/kr/ko/order/capsules/melozio_go,NESPRESSO,t,2026-02-23 10:39:14.899331,2026-02-23 10:39:14.899331
972,4,coffee_white_chocolate_strawberry,Nespresso,,https://www.nespresso.com/kr/ko/order/capsules/white_chocolate_strawberry,NESPRESSO,t,2026-02-23 10:39:14.901163,2026-02-23 10:39:14.901163
973,4,coffee_melozio_decaffeinato,Nespresso,,https://www.nespresso.com/kr/ko/order/capsules/melozio_decaffeinato,NESPRESSO,t,2026-02-23 10:39:14.903113,2026-02-23 10:39:14.903113
974,4,coffee_melozio,Nespresso,,https://www.nespresso.com/kr/ko/order/capsules/melozio,NESPRESSO,t,2026-02-23 10:39:14.90576,2026-02-23 10:39:14.90576
975,4,coffee_vivida,Nespresso,,https://www.nespresso.com/kr/ko/order/capsules/vivida,NESPRESSO,t,2026-02-23 10:39:14.907658,2026-02-23 10:39:14.907658
976,4,coffee_sweet_vanilla_decaffeinato,Nespresso,,https://www.nespresso.com/kr/ko/order/capsules/sweet_vanilla_decaffeinato,NESPRESSO,t,2026-02-23 10:39:14.910635,2026-02-23 10:39:14.910635
977,4,coffee_el_salvador,Nespresso,,https://www.nespresso.com/kr/ko/order/capsules/el_salvador,NESPRESSO,t,2026-02-23 10:39:14.912573,2026-02-23 10:39:14.912573
978,4,coffee_mexico,Nespresso,,https://www.nespresso.com/kr/ko/order/capsules/mexico,NESPRESSO,t,2026-02-23 10:39:14.914157,2026-02-23 10:39:14.914157
979,4,coffee_ice_forte,Nespresso,,https://www.nespresso.com/kr/ko/order/capsules/ice_forte,NESPRESSO,t,2026-02-23 10:39:14.915754,2026-02-23 10:39:14.915754
980,4,coffee_intenso,Nespresso,,https://www.nespresso.com/kr/ko/order/capsules/intenso,NESPRESSO,t,2026-02-23 10:39:14.917322,2026-02-23 10:39:14.917322
981,4,coffee_stormio,Nespresso,,https://www.nespresso.com/kr/ko/order/capsules/stormio,NESPRESSO,t,2026-02-23 10:39:14.919204,2026-02-23 10:39:14.919204
982,4,coffee_odacio,Nespresso,,https://www.nespresso.com/kr/ko/order/capsules/odacio,NESPRESSO,t,2026-02-23 10:39:14.921621,2026-02-23 10:39:14.921621
983,4,coffee_solelio,Nespresso,,https://www.nespresso.com/kr/ko/order/capsules/solelio,NESPRESSO,t,2026-02-23 10:39:14.923977,2026-02-23 10:39:14.923977
984,4,coffee_half_caffeinato,Nespresso,,https://www.nespresso.com/kr/ko/order/capsules/half_caffeinato,NESPRESSO,t,2026-02-23 10:39:14.928154,2026-02-23 10:39:14.928154
985,4,coffee_bianco_forte_for_milk,Nespresso,,https://www.nespresso.com/kr/ko/order/capsules/bianco_forte_for_milk,NESPRESSO,t,2026-02-23 10:39:14.929913,2026-02-23 10:39:14.929913
986,4,coffee_sweet_vanilla,Nespresso,,https://www.nespresso.com/kr/ko/order/capsules/sweet_vanilla,NESPRESSO,t,2026-02-23 10:39:14.931672,2026-02-23 10:39:14.931672
987,4,coffee_golden_caramel,Nespresso,,https://www.nespresso.com/kr/ko/order/capsules/golden_caramel,NESPRESSO,t,2026-02-23 10:39:14.933657,2026-02-23 10:39:14.933657
988,4,coffee_roasted_hazelnut,Nespresso,,https://www.nespresso.com/kr/ko/order/capsules/roasted_hazelnut,NESPRESSO,t,2026-02-23 10:39:14.936083,2026-02-23 10:39:14.936083
989,4,coffee_rich_chocolate,Nespresso,,https://www.nespresso.com/kr/ko/order/capsules/rich_chocolate,NESPRESSO,t,2026-02-23 10:39:14.938045,2026-02-23 10:39:14.938045
